ros_time,recv_time_utc,raw_line,parse_ok,error
1782389666.324263,2026-06-25T12:14:26.324Z,-186.66; -16.96; 997.23; -3807.56; 13727.70; -15802.76; 73628.86; -27342.63; 8065.85; 2180953311.00; 155935.00; 19999.00; 19999.00; 19999.00; 19999.00;  -0.59; 1014.69; 173463.00;   0.75;,1,
1782389666.340303,2026-06-25T12:14:26.340Z,-186.78; -17.08; 996.98; -3798.81; 13718.95; -15776.51; 73628.84; -27342.63; 8067.80; 2181053602.00; 19999.00; 19999.00; 19999.00; 19999.00; 20018.00;  -0.59; 1014.47; 179344.00;   0.75;,1,
1782389666.357251,2026-06-25T12:14:26.357Z,-186.90; -17.57; 996.86; -3737.56; 13618.33; -15798.39; 73628.80; -27342.63; 8069.75; 2181153497.00; 19981.00; 19999.00; 19999.00; 19999.00; 19999.00;  -0.59; 1014.38; 179344.00;   0.75;,1,
1782389666.374828,2026-06-25T12:14:26.374Z,-186.90; -17.57; 996.50; -3724.44; 13653.33; -15811.51; 73628.78; -27342.64; 8071.71; 2181253685.00; 19999.00; 19999.00; 19999.00; 19999.00; 19999.00;  -0.59; 1014.02; 179344.00;   0.75;,1,
1782389666.389615,2026-06-25T12:14:26.389Z,-186.78; -17.32; 996.62; -3702.56; 13662.08; -15776.51; 73628.76; -27342.65; 8073.66; 2181353574.00; 19999.00; 19999.00; 19999.00; 19999.00; 19999.00;  -0.59; 1014.12; 179344.00;   0.75;,1,
1782389666.406412,2026-06-25T12:14:26.406Z,-186.90; -17.08; 996.50; -3816.31; 13692.70; -15789.64; 73628.73; -27342.66; 8075.61; 2181453928.00; 19999.00; 19999.00; 19999.00; 19999.00; 19999.00;  -0.59; 1014.02; 179344.00;   0.75;,1,
1782389666.42241,2026-06-25T12:14:26.422Z,-186.78; -16.84; 996.86; -3715.69; 13653.33; -15750.26; 73628.71; -27342.66; 8077.56; 2181553775.00; 20027.00; 19971.00; 19999.00; 19999.00; 19999.00;  -0.59; 1014.35; 179344.00;   0.75;,1,
1782389666.438825,2026-06-25T12:14:26.438Z,-186.66; -16.96; 996.98; -3702.56; 13697.08; -15772.14; 73628.69; -27342.67; 8079.51; 2181653850.00; 19999.00; 19999.00; 19999.00; 19999.00; 19999.00;  -0.59; 1014.45; 179344.00;   0.75;,1,
1782389666.454339,2026-06-25T12:14:26.454Z,-186.66; -17.08; 996.86; -3811.94; 13714.58; -15763.39; 73628.67; -27342.67; 8081.46; 2181754346.00; 19999.00; 19999.00; 19999.00; 19999.00; 19999.00;  -0.59; 1014.33; 179344.00;   0.75;,1,
1782389666.471416,2026-06-25T12:14:26.471Z,-186.54; -17.08; 996.74; -3772.56; 13736.45; -15811.51; 73628.65; -27342.68; 8083.41; 2181853968.00; 19999.00; 19999.00; 19999.00; 19999.00; 19999.00;  -0.59; 1014.19; 179344.00;   0.75;,1,
1782389667.444032,2026-06-25T12:14:27.444Z,-186.66; -17.08; 996.62; -3881.94; 13810.83; -15745.89; 73628.62; -27342.69; 8085.35; 2182073431.00; 155424.00; 725.00; 19997.00; 19999.00; 19999.00;  -0.59; 1014.09; 179344.00;   0.75;,1,
1782389667.460589,2026-06-25T12:14:27.460Z,-186.78; -16.96; 996.98; -3864.44; 13775.83; -15763.39; 73628.48; -27342.60; 8086.83; 2182173478.00; 19999.00; 19999.00; 20064.00; 19935.00; 19999.00;  -0.59; 1014.47; 179344.00;   0.75;,1,
1782389667.47705,2026-06-25T12:14:27.477Z,-186.90; -16.84; 997.23; -3886.31; 13815.20; -15785.26; 73628.46; -27342.62; 8088.77; 2182273264.00; 20000.00; 19998.00; 19999.00; 20007.00; 19992.00;  -0.59; 1014.73; 172636.00;   0.75;,1,
1782389667.493002,2026-06-25T12:14:27.493Z,-186.90; -16.71; 997.47; -3908.19; 13823.95; -15754.64; 73628.43; -27342.63; 8090.72; 2182373467.00; 19999.00; 19999.00; 19999.00; 19999.00; 19999.00;  -0.59; 1014.97; 172636.00;   0.75;,1,
1782389667.509453,2026-06-25T12:14:27.509Z,-186.90; -16.59; 997.47; -3873.19; 13780.20; -15772.14; 73628.41; -27342.65; 8092.67; 2182473866.00; 19999.00; 19999.00; 19999.00; 19999.00; 19999.00;  -0.59; 1014.97; 172636.00;   0.75;,1,
1782389667.52633,2026-06-25T12:14:27.526Z,-186.90; -16.71; 997.23; -3903.81; 13806.45; -15772.14; 73628.39; -27342.66; 8094.62; 2182573714.00; 19999.00; 20023.00; 19975.00; 19999.00; 20033.00;  -0.59; 1014.73; 172636.00;   0.75;,1,
1782389667.542428,2026-06-25T12:14:27.542Z,-187.03; -16.59; 997.47; -3890.69; 13788.95; -15776.51; 73628.37; -27342.69; 8096.56; 2182673675.00; 19966.00; 19999.00; 19999.00; 19999.00; 19999.00;  -0.59; 1014.99; 172636.00;   0.75;,1,
1782389667.557101,2026-06-25T12:14:27.557Z,-187.15; -16.47; 997.47; -3925.69; 13775.83; -15780.89; 73628.34; -27342.71; 8098.50; 2182774164.00; 19999.00; 19999.00; 20031.00; 19973.00; 19994.00;  -0.60; 1015.01; 172636.00;   0.75;,1,
1782389667.573867,2026-06-25T12:14:27.574Z,-187.15; -16.59; 997.47; -3908.19; 13802.08; -15759.01; 73628.32; -27342.73; 8100.45; 2182874165.00; 19999.00; 19999.00; 19999.00; 19999.00; 20063.00;  -0.60; 1015.01; 172636.00;   0.75;,1,
1782389667.590999,2026-06-25T12:14:27.591Z,-186.90; -16.59; 997.23; -3877.56; 13815.20; -15772.14; 73628.30; -27342.75; 8102.39; 2182974030.00; 19936.00; 19999.00; 19999.00; 20041.00; 19957.00;  -0.59; 1014.73; 172636.00;   0.75;,1,
1782389668.564457,2026-06-25T12:14:28.564Z,-187.39; -16.84; 997.11; -3768.19; 13749.58; -15772.14; 73628.28; -27342.77; 8104.33; 2183193387.00; 155480.00; 3552.00; 19997.00; 19999.00; 19999.00;  -0.60; 1014.70; 172636.00;   0.75;,1,
1782389668.580461,2026-06-25T12:14:28.580Z,-187.39; -16.84; 997.23; -3833.81; 13714.58; -15794.01; 73628.17; -27342.69; 8105.88; 2183293495.00; 19999.00; 19999.00; 19999.00; 19999.00; 19999.00;  -0.60; 1014.82; 172636.00;   0.75;,1,
1782389668.597228,2026-06-25T12:14:28.597Z,-187.39; -17.08; 997.23; -3798.81; 13714.58; -15767.76; 73628.16; -27342.72; 8107.82; 2183393266.00; 19999.00; 19999.00; 19999.00; 19999.00; 19999.00;  -0.60; 1014.83; 176909.00;   0.75;,1,
1782389668.613488,2026-06-25T12:14:28.613Z,-187.51; -16.84; 997.11; -3825.06; 13697.08; -15767.76; 73628.14; -27342.74; 8109.77; 2183493368.00; 19999.00; 19999.00; 19999.00; 19999.00; 19999.00;  -0.60; 1014.72; 176909.00;   0.75;,1,
1782389668.63,2026-06-25T12:14:28.630Z,-187.51; -16.84; 996.98; -3794.44; 13727.70; -15745.89; 73628.13; -27342.77; 8111.71; 2183593617.00; 19999.00; 19999.00; 19999.00; 19999.00; 19999.00;  -0.60; 1014.60; 176909.00;   0.75;,1,
1782389668.646833,2026-06-25T12:14:28.646Z,-187.64; -16.84; 997.23; -3820.69; 13675.20; -15794.01; 73628.11; -27342.79; 8113.65; 2183693681.00; 19999.00; 20045.00; 19953.00; 19999.00; 19999.00;  -0.60; 1014.87; 176909.00;   0.75;,1,
1782389668.662815,2026-06-25T12:14:28.662Z,-187.51; -16.59; 997.47; -3785.69; 13732.08; -15772.14; 73628.09; -27342.82; 8115.59; 2183793762.00; 19999.00; 19999.00; 19999.00; 19999.00; 19999.00;  -0.60; 1015.08; 176909.00;   0.75;,1,
1782389668.677779,2026-06-25T12:14:28.677Z,-187.39; -16.59; 997.72; -3803.19; 13788.95; -15750.26; 73628.08; -27342.84; 8117.53; 2183893881.00; 19999.00; 19999.00; 19999.00; 19999.00; 19999.00;  -0.60; 1015.30; 176909.00;   0.75;,1,
1782389668.694306,2026-06-25T12:14:28.694Z,-187.64; -16.59; 997.84; -3833.81; 13740.83; -15763.39; 73628.06; -27342.87; 8119.47; 2183994294.00; 19999.00; 19999.00; 19999.00; 19999.00; 19999.00;  -0.60; 1015.46; 176909.00;   0.75;,1,
1782389668.711224,2026-06-25T12:14:28.711Z,-187.64; -16.84; 997.96; -3807.56; 13692.70; -15759.01; 73628.05; -27342.90; 8121.41; 2184094401.00; 19999.00; 19999.00; 19999.00; 19999.00; 19999.00;  -0.60; 1015.59; 176909.00;   0.75;,1,
1782389669.684179,2026-06-25T12:14:29.684Z,-187.64; -17.08; 997.47; -3663.19; 13561.45; -15794.01; 73628.05; -27342.92; 8123.35; 2184313459.00; 155938.00; 2879.00; 19999.00; 20039.00; 19959.00;  -0.60; 1015.11; 176909.00;   0.75;,1,
1782389669.701366,2026-06-25T12:14:29.701Z,-187.64; -17.20; 997.59; -3628.19; 13583.33; -15763.39; 73627.95; -27342.84; 8124.88; 2184413209.00; 19999.00; 19999.00; 19999.00; 20008.00; 19991.00;  -0.60; 1015.23; 176909.00;   0.75;,1,
1782389669.717227,2026-06-25T12:14:29.717Z,-187.76; -17.08; 997.47; -3632.56; 13570.20; -15807.14; 73627.94; -27342.87; 8126.82; 2184513449.00; 19999.00; 19999.00; 19999.00; 19999.00; 19999.00;  -0.60; 1015.13; 174473.00;   0.75;,1,
1782389669.733915,2026-06-25T12:14:29.734Z,-187.76; -16.84; 997.47; -3610.69; 13543.95; -15785.26; 73627.93; -27342.89; 8128.76; 2184613808.00; 19999.00; 19999.00; 19999.00; 20024.00; 19974.00;  -0.60; 1015.13; 174473.00;   0.75;,1,
1782389669.749901,2026-06-25T12:14:29.750Z,-187.76; -16.59; 997.72; -3628.19; 13530.83; -15780.89; 73627.92; -27342.92; 8130.70; 2184713834.00; 19999.00; 20084.00; 19914.00; 19999.00; 19999.00;  -0.60; 1015.36; 174473.00;   0.75;,1,
1782389669.766247,2026-06-25T12:14:29.766Z,-187.88; -16.84; 997.72; -3702.56; 13627.08; -15789.64; 73627.92; -27342.94; 8132.64; 2184813672.00; 19999.00; 19999.00; 19999.00; 19999.00; 19999.00;  -0.60; 1015.39; 174473.00;   0.75;,1,
1782389669.782606,2026-06-25T12:14:29.782Z,-187.76; -16.84; 997.47; -3641.31; 13561.45; -15772.14; 73627.92; -27342.97; 8134.58; 2184913811.00; 19999.00; 19999.00; 19999.00; 19999.00; 19999.00;  -0.60; 1015.13; 174473.00;   0.75;,1,
1782389669.797622,2026-06-25T12:14:29.797Z,-187.64; -16.84; 997.59; -3658.81; 13565.83; -15772.14; 73627.91; -27342.99; 8136.51; 2185014197.00; 19999.00; 19999.00; 19999.00; 19999.00; 19999.00;  -0.60; 1015.23; 174473.00;   0.75;,1,
1782389669.81391,2026-06-25T12:14:29.814Z,-187.64; -16.84; 997.72; -3619.44; 13574.58; -15820.26; 73627.91; -27343.02; 8138.45; 2185113974.00; 19999.00; 19999.00; 19999.00; 19999.00; 19999.00;  -0.60; 1015.35; 174473.00;   0.75;,1,
1782389669.831187,2026-06-25T12:14:29.831Z,-187.51; -16.71; 997.84; -3615.06; 13530.83; -15785.26; 73627.91; -27343.05; 8140.39; 2185214117.00; 19999.00; 19999.00; 19999.00; 19999.00; 20005.00;  -0.60; 1015.44; 174473.00;   0.75;,1,
1782389670.824549,2026-06-25T12:14:30.824Z,-186.66; -16.96; 997.59; -3728.81; 13670.83; -15785.26; 73627.91; -27343.08; 8142.32; 2185453383.00; 155723.00; 19999.00; 19999.00; 19999.00; 19999.00;  -0.59; 1015.05; 174473.00;   0.75;,1,
1782389670.840833,2026-06-25T12:14:30.840Z,-186.66; -17.08; 997.47; -3724.44; 13679.58; -15789.64; 73627.91; -27343.11; 8144.26; 2185553417.00; 20003.00; 19995.00; 19999.00; 20001.00; 19999.00;  -0.59; 1014.93; 171998.00;   0.75;,1,
1782389670.857325,2026-06-25T12:14:30.857Z,-186.66; -17.08; 997.23; -3768.19; 13710.20; -15798.39; 73627.91; -27343.13; 8146.19; 2185653402.00; 20005.00; 19998.00; 19996.00; 19999.00; 19999.00;  -0.59; 1014.69; 171998.00;   0.75;,1,
1782389670.873641,2026-06-25T12:14:30.873Z,-186.54; -16.96; 997.23; -3785.69; 13740.83; -15807.14; 73627.91; -27343.16; 8148.13; 2185753453.00; 19999.00; 19999.00; 19999.00; 19999.00; 19999.00;  -0.59; 1014.67; 171998.00;   0.75;,1,
1782389670.890012,2026-06-25T12:14:30.890Z,-186.66; -16.84; 997.72; -3798.81; 13714.58; -15780.89; 73627.91; -27343.19; 8150.06; 2185853764.00; 19999.00; 19999.00; 19999.00; 19999.00; 19999.00;  -0.59; 1015.17; 171998.00;   0.75;,1,
1782389670.906526,2026-06-25T12:14:30.906Z,-186.90; -16.84; 997.84; -3746.31; 13657.70; -15794.01; 73627.91; -27343.22; 8151.99; 2185953679.00; 19999.00; 19999.00; 19999.00; 19999.00; 19999.00;  -0.59; 1015.33; 171998.00;   0.75;,1,
1782389670.922789,2026-06-25T12:14:30.922Z,-186.78; -16.47; 997.96; -3720.06; 13635.83; -15807.14; 73627.91; -27343.25; 8153.92; 2186054044.00; 19999.00; 19999.00; 19999.00; 19999.00; 19999.00;  -0.59; 1015.42; 171998.00;   0.75;,1,
1782389670.939208,2026-06-25T12:14:30.939Z,-186.78; -16.59; 997.96; -3737.56; 13644.58; -15776.51; 73627.91; -27343.28; 8155.86; 2186153770.00; 19999.00; 19999.00; 20066.00; 19932.00; 19999.00;  -0.59; 1015.42; 171998.00;   0.75;,1,
1782389670.955003,2026-06-25T12:14:30.955Z,-186.66; -16.59; 997.96; -3720.06; 13666.45; -15767.76; 73627.91; -27343.31; 8157.79; 2186253935.00; 19999.00; 19999.00; 19999.00; 20004.00; 19995.00;  -0.59; 1015.40; 171998.00;   0.75;,1,
1782389670.971098,2026-06-25T12:14:30.971Z,-186.66; -16.59; 998.20; -3807.56; 13653.33; -15776.51; 73627.91; -27343.34; 8159.72; 2186354337.00; 19999.00; 19999.00; 19999.00; 19999.00; 19999.00;  -0.59; 1015.64; 171998.00;   0.75;,1,
1782389671.96415,2026-06-25T12:14:31.964Z,-187.64; -16.96; 997.47; -3825.06; 13710.20; -15794.01; 73627.93; -27343.37; 8161.65; 2186593406.00; 155937.00; 19996.00; 19999.00; 19999.00; 19999.00;  -0.60; 1015.11; 171998.00;   0.75;,1,
1782389671.980691,2026-06-25T12:14:31.980Z,-187.39; -16.84; 997.23; -3811.94; 13688.33; -15789.64; 73627.95; -27343.40; 8163.58; 2186693526.00; 20024.00; 19975.00; 19999.00; 19999.00; 19999.00;  -0.60; 1014.82; 173240.00;   0.75;,1,
1782389671.997002,2026-06-25T12:14:31.997Z,-187.51; -16.84; 997.47; -3838.19; 13697.08; -15798.39; 73627.96; -27343.43; 8165.50; 2186793647.00; 19999.00; 19999.00; 19999.00; 19999.00; 19999.00;  -0.60; 1015.08; 173240.00;   0.75;,1,
1782389672.013534,2026-06-25T12:14:32.013Z,-187.64; -16.84; 997.35; -3746.31; 13732.08; -15811.51; 73627.98; -27343.46; 8167.43; 2186893486.00; 19999.00; 19999.00; 19999.00; 19999.00; 19999.00;  -0.60; 1014.99; 173240.00;   0.75;,1,
1782389672.029726,2026-06-25T12:14:32.029Z,-187.51; -17.08; 997.23; -3755.06; 13666.45; -15811.51; 73627.99; -27343.49; 8169.35; 2186993712.00; 19999.00; 19999.00; 19999.00; 19999.00; 20003.00;  -0.60; 1014.85; 173240.00;   0.75;,1,
1782389672.046115,2026-06-25T12:14:32.046Z,-187.39; -16.71; 997.23; -3846.94; 13740.83; -15802.76; 73628.01; -27343.52; 8171.28; 2187093950.00; 19995.00; 19999.00; 19999.00; 19999.00; 19999.00;  -0.60; 1014.82; 173240.00;   0.75;,1,
1782389672.062515,2026-06-25T12:14:32.062Z,-187.39; -16.59; 997.23; -3838.19; 13736.45; -15772.14; 73628.02; -27343.55; 8173.21; 2187193805.00; 19999.00; 19999.00; 19999.00; 19999.00; 19999.00;  -0.60; 1014.82; 173240.00;   0.75;,1,
1782389672.078995,2026-06-25T12:14:32.079Z,-187.39; -16.59; 997.47; -3825.06; 13697.08; -15763.39; 73628.04; -27343.58; 8175.13; 2187293872.00; 19999.00; 19999.00; 20001.00; 19997.00; 19999.00;  -0.60; 1015.06; 173240.00;   0.75;,1,
1782389672.093914,2026-06-25T12:14:32.094Z,-187.39; -16.84; 997.47; -3833.81; 13749.58; -15798.39; 73628.05; -27343.61; 8177.06; 2187394302.00; 19999.00; 19999.00; 19999.00; 19999.00; 19999.00;  -0.60; 1015.06; 173240.00;   0.75;,1,
1782389672.111319,2026-06-25T12:14:32.111Z,-187.39; -16.84; 997.47; -3807.56; 13714.58; -15772.14; 73628.07; -27343.63; 8178.99; 2187494205.00; 19999.00; 19999.00; 19999.00; 19999.00; 19999.00;  -0.60; 1015.06; 173240.00;   0.75;,1,
1782389673.104455,2026-06-25T12:14:33.104Z,-187.15; -17.08; 997.59; -3593.19; 13473.95; -15807.14; 73628.09; -27343.65; 8180.91; 2187733326.00; 155661.00; 19999.00; 19999.00; 19999.00; 19999.00;  -0.59; 1015.14; 173240.00;   0.75;,1,
1782389673.121186,2026-06-25T12:14:33.121Z,-187.15; -17.08; 997.59; -3601.94; 13561.45; -15780.89; 73628.11; -27343.68; 8182.83; 2187833549.00; 19999.00; 19999.00; 19999.00; 20001.00; 19997.00;  -0.59; 1015.14; 173061.00;   0.75;,1,
1782389673.137343,2026-06-25T12:14:33.137Z,-187.15; -17.08; 997.47; -3606.31; 13565.83; -15807.14; 73628.13; -27343.69; 8184.76; 2187933634.00; 19999.00; 19999.00; 19999.00; 19999.00; 19999.00;  -0.60; 1015.02; 173061.00;   0.75;,1,
1782389673.153731,2026-06-25T12:14:33.153Z,-187.03; -16.96; 997.47; -3628.19; 13565.83; -15789.64; 73628.16; -27343.71; 8186.69; 2188033851.00; 19999.00; 19999.00; 20001.00; 20030.00; 19967.00;  -0.59; 1015.00; 173061.00;   0.75;,1,
1782389673.170566,2026-06-25T12:14:33.170Z,-186.90; -16.96; 997.35; -3641.31; 13530.83; -15798.39; 73628.20; -27343.73; 8188.62; 2188133594.00; 19999.00; 19999.00; 20037.00; 19962.00; 19999.00;  -0.59; 1014.85; 173061.00;   0.75;,1,
1782389673.186737,2026-06-25T12:14:33.186Z,-187.27; -17.08; 997.23; -3667.56; 13526.45; -15780.89; 73628.23; -27343.74; 8190.54; 2188233805.00; 19999.00; 19999.00; 19999.00; 19999.00; 19999.00;  -0.60; 1014.80; 173061.00;   0.75;,1,
1782389673.202885,2026-06-25T12:14:33.202Z,-187.39; -16.84; 997.47; -3628.19; 13535.20; -15794.01; 73628.26; -27343.76; 8192.47; 2188334084.00; 19999.00; 19999.00; 19999.00; 19999.00; 19999.00;  -0.60; 1015.06; 173061.00;   0.75;,1,
1782389673.219236,2026-06-25T12:14:33.219Z,-187.27; -16.71; 997.59; -3636.94; 13522.08; -15780.89; 73628.29; -27343.77; 8194.40; 2188433942.00; 19999.00; 19999.00; 19999.00; 19999.00; 19999.00;  -0.60; 1015.16; 173061.00;   0.75;,1,
1782389673.23446,2026-06-25T12:14:33.234Z,-187.15; -16.84; 997.72; -3601.94; 13535.20; -15794.01; 73628.32; -27343.79; 8196.32; 2188534221.00; 19999.00; 19999.00; 19999.00; 19999.00; 19999.00;  -0.59; 1015.26; 173061.00;   0.75;,1,
1782389673.251388,2026-06-25T12:14:33.251Z,-187.27; -16.84; 997.72; -3623.81; 13539.58; -15772.14; 73628.35; -27343.80; 8198.24; 2188634413.00; 19999.00; 19999.00; 19999.00; 19999.00; 19999.00;  -0.60; 1015.28; 173061.00;   0.75;,1,
1782389674.244546,2026-06-25T12:14:34.244Z,-186.90; -16.59; 997.47; -3833.81; 13810.83; -15780.89; 73628.38; -27343.82; 8200.17; 2188873306.00; 155975.00; 19956.00; 19999.00; 19999.00; 19999.00;  -0.59; 1014.97; 173061.00;   0.75;,1,
1782389674.260902,2026-06-25T12:14:34.261Z,-186.90; -16.71; 997.47; -3903.81; 13767.08; -15741.51; 73628.41; -27343.84; 8202.09; 2188973416.00; 19999.00; 19999.00; 19999.00; 19999.00; 19999.00;  -0.59; 1014.97; 172250.00;   0.75;,1,
1782389674.277354,2026-06-25T12:14:34.277Z,-187.03; -16.84; 997.47; -3916.94; 13819.58; -15759.01; 73628.43; -27343.86; 8204.01; 2189073582.00; 19999.00; 19999.00; 19999.00; 19999.00; 19999.00;  -0.59; 1014.99; 172250.00;   0.75;,1,
1782389674.293767,2026-06-25T12:14:34.293Z,-186.90; -16.84; 997.47; -3890.69; 13806.45; -15754.64; 73628.46; -27343.87; 8205.94; 2189173451.00; 19999.00; 19999.00; 19999.00; 19999.00; 20085.00;  -0.59; 1014.97; 172250.00;   0.75;,1,
1782389674.310317,2026-06-25T12:14:34.310Z,-187.03; -16.71; 997.47; -3873.19; 13771.45; -15789.64; 73628.48; -27343.89; 8207.86; 2189273600.00; 19914.00; 19999.00; 19999.00; 19999.00; 20031.00;  -0.59; 1014.99; 172250.00;   0.75;,1,
1782389674.326545,2026-06-25T12:14:34.326Z,-186.66; -16.59; 997.72; -3921.31; 13802.08; -15772.14; 73628.52; -27343.91; 8209.78; 2189373942.00; 19967.00; 19999.00; 19999.00; 19999.00; 19999.00;  -0.59; 1015.16; 172250.00;   0.75;,1,
1782389674.343316,2026-06-25T12:14:34.343Z,-186.66; -16.59; 997.84; -3877.56; 13815.20; -15802.76; 73628.55; -27343.92; 8211.71; 2189473670.00; 19999.00; 19999.00; 19999.00; 19999.00; 19999.00;  -0.59; 1015.28; 172250.00;   0.75;,1,
1782389674.359626,2026-06-25T12:14:34.359Z,-186.90; -16.59; 997.96; -3916.94; 13806.45; -15763.39; 73628.58; -27343.94; 8213.63; 2189574204.00; 19999.00; 19999.00; 19999.00; 19999.00; 19999.00;  -0.59; 1015.45; 172250.00;   0.75;,1,
1782389674.37421,2026-06-25T12:14:34.374Z,-186.90; -16.59; 997.84; -3855.69; 13749.58; -15780.89; 73628.61; -27343.95; 8215.55; 2189673970.00; 19999.00; 20050.00; 19948.00; 19999.00; 19999.00;  -0.59; 1015.33; 172250.00;   0.75;,1,
1782389674.391345,2026-06-25T12:14:34.391Z,-187.03; -16.35; 997.96; -3877.56; 13775.83; -15789.64; 73628.64; -27343.96; 8217.48; 2189774404.00; 19999.00; 19999.00; 19999.00; 19999.00; 19999.00;  -0.59; 1015.47; 172250.00;   0.75;,1,
1782389675.384407,2026-06-25T12:14:35.384Z,-187.76; -16.71; 997.47; -3663.19; 13530.83; -15767.76; 73628.67; -27343.96; 8219.40; 2190013428.00; 155939.00; 19994.00; 19999.00; 19999.00; 19999.00;  -0.60; 1015.13; 172250.00;   0.75;,1,
1782389675.400662,2026-06-25T12:14:35.400Z,-187.64; -16.71; 997.72; -3610.69; 13570.20; -15789.64; 73628.70; -27343.97; 8221.33; 2190113279.00; 19999.00; 19999.00; 19999.00; 20004.00; 19995.00;  -0.60; 1015.34; 178990.00;   0.75;,1,
1782389675.417028,2026-06-25T12:14:35.417Z,-187.64; -16.71; 997.59; -3619.44; 13513.33; -15780.89; 73628.73; -27343.97; 8223.25; 2190213361.00; 19999.00; 19999.00; 19999.00; 19999.00; 19999.00;  -0.60; 1015.22; 178990.00;   0.75;,1,
1782389675.433527,2026-06-25T12:14:35.433Z,-187.51; -16.84; 997.96; -3615.06; 13570.20; -15798.39; 73628.77; -27343.97; 8225.18; 2190313738.00; 19999.00; 19999.00; 19999.00; 19999.00; 19999.00;  -0.60; 1015.56; 178990.00;   0.75;,1,
1782389675.449807,2026-06-25T12:14:35.449Z,-187.64; -16.71; 997.96; -3663.19; 13574.58; -15785.26; 73628.80; -27343.97; 8227.11; 2190413543.00; 19999.00; 19999.00; 19999.00; 19999.00; 19999.00;  -0.60; 1015.58; 178990.00;   0.75;,1,
1782389675.466625,2026-06-25T12:14:35.466Z,-187.64; -16.71; 997.96; -3698.19; 13565.83; -15763.39; 73628.83; -27343.97; 8229.03; 2190513939.00; 19999.00; 19999.00; 19999.00; 19999.00; 19999.00;  -0.60; 1015.58; 178990.00;   0.75;,1,
1782389675.482694,2026-06-25T12:14:35.482Z,-187.64; -16.59; 997.96; -3676.31; 13552.70; -15772.14; 73628.86; -27343.97; 8230.96; 2190613798.00; 19999.00; 19999.00; 19999.00; 19999.00; 19999.00;  -0.60; 1015.58; 178990.00;   0.75;,1,
1782389675.499079,2026-06-25T12:14:35.499Z,-187.76; -16.59; 997.96; -3641.31; 13548.33; -15776.51; 73628.89; -27343.96; 8232.89; 2190713911.00; 19999.00; 19999.00; 19999.00; 20038.00; 19960.00;  -0.60; 1015.60; 178990.00;   0.75;,1,
1782389675.514194,2026-06-25T12:14:35.514Z,-187.88; -16.59; 998.08; -3632.56; 13565.83; -15794.01; 73628.91; -27343.96; 8234.82; 2190814018.00; 20001.00; 19997.00; 19999.00; 19999.00; 19999.00;  -0.60; 1015.75; 178990.00;   0.75;,1,
1782389675.531134,2026-06-25T12:14:35.531Z,-187.64; -16.59; 998.20; -3610.69; 13565.83; -15785.26; 73628.94; -27343.96; 8236.75; 2190914328.00; 19999.00; 19999.00; 19999.00; 19999.00; 19999.00;  -0.60; 1015.82; 178990.00;   0.75;,1,
1782389676.524399,2026-06-25T12:14:36.524Z,-186.66; -16.35; 998.45; -3685.06; 13683.95; -15767.76; 73628.97; -27343.96; 8238.67; 2191153416.00; 155788.00; 19957.00; 19999.00; 19999.00; 19999.00;  -0.59; 1015.88; 178990.00;   0.75;,1,
1782389676.540176,2026-06-25T12:14:36.540Z,-186.54; -16.59; 998.45; -3790.06; 13683.95; -15776.51; 73629.00; -27343.96; 8240.60; 2191253170.00; 19999.00; 19999.00; 19999.00; 19999.00; 19999.00;  -0.59; 1015.86; 173594.00;   0.75;,1,
1782389676.557117,2026-06-25T12:14:36.557Z,-186.66; -16.47; 998.45; -3776.94; 13644.58; -15776.51; 73629.03; -27343.96; 8242.53; 2191353266.00; 19999.00; 19999.00; 19999.00; 20041.00; 19957.00;  -0.59; 1015.88; 173594.00;   0.75;,1,
1782389676.573128,2026-06-25T12:14:36.573Z,-186.78; -16.71; 998.20; -3825.06; 13723.33; -15815.89; 73629.05; -27343.96; 8244.46; 2191453335.00; 19999.00; 19999.00; 19999.00; 19999.00; 19999.00;  -0.59; 1015.67; 173594.00;   0.75;,1,
1782389676.589891,2026-06-25T12:14:36.590Z,-186.90; -16.84; 997.96; -3693.81; 13622.70; -15780.89; 73629.09; -27343.95; 8246.39; 2191553586.00; 19999.00; 19999.00; 20020.00; 19979.00; 19999.00;  -0.59; 1015.45; 173594.00;   0.75;,1,
1782389676.606146,2026-06-25T12:14:36.606Z,-186.90; -16.84; 998.20; -3724.44; 13666.45; -15776.51; 73629.11; -27343.94; 8248.32; 2191653945.00; 19999.00; 19999.00; 19999.00; 19999.00; 19999.00;  -0.59; 1015.69; 173594.00;   0.75;,1,
1782389676.622621,2026-06-25T12:14:36.622Z,-186.90; -16.59; 998.20; -3811.94; 13653.33; -15789.64; 73629.13; -27343.94; 8250.25; 2191753668.00; 19999.00; 19999.00; 19999.00; 19999.00; 19999.00;  -0.59; 1015.69; 173594.00;   0.75;,1,
1782389676.639108,2026-06-25T12:14:36.639Z,-186.78; -16.59; 998.20; -3715.69; 13644.58; -15772.14; 73629.15; -27343.94; 8252.18; 2191853913.00; 19999.00; 19999.00; 19999.00; 19999.00; 19999.00;  -0.59; 1015.66; 173594.00;   0.75;,1,
1782389676.653835,2026-06-25T12:14:36.654Z,-186.66; -16.47; 998.45; -3737.56; 13692.70; -15789.64; 73629.17; -27343.93; 8254.11; 2191954104.00; 19999.00; 19999.00; 19999.00; 19999.00; 19999.00;  -0.59; 1015.88; 173594.00;   0.75;,1,
1782389676.671207,2026-06-25T12:14:36.671Z,-186.54; -16.35; 998.57; -3790.06; 13718.95; -15798.39; 73629.20; -27343.92; 8256.04; 2192054323.00; 19999.00; 19999.00; 19999.00; 19999.00; 19999.00;  -0.59; 1015.98; 173594.00;   0.75;,1,
1782389677.664102,2026-06-25T12:14:37.664Z,-187.64; -17.08; 997.72; -3803.19; 13710.20; -15745.89; 73629.22; -27343.91; 8257.97; 2192293449.00; 155784.00; 19994.00; 19999.00; 19999.00; 19999.00;  -0.60; 1015.35; 173594.00;   0.75;,1,
1782389677.680062,2026-06-25T12:14:37.680Z,-187.64; -17.08; 997.47; -3750.69; 13697.08; -15811.51; 73629.23; -27343.90; 8259.90; 2192393546.00; 19999.00; 19999.00; 19999.00; 20002.00; 19997.00;  -0.60; 1015.11; 172028.00;   0.75;,1,
1782389677.69702,2026-06-25T12:14:37.697Z,-187.51; -17.08; 997.59; -3781.31; 13679.58; -15772.14; 73629.25; -27343.90; 8261.83; 2192493271.00; 19999.00; 19999.00; 19999.00; 19999.00; 19999.00;  -0.60; 1015.21; 172028.00;   0.75;,1,
1782389677.713175,2026-06-25T12:14:37.713Z,-187.64; -17.08; 997.47; -3825.06; 13697.08; -15789.64; 73629.27; -27343.89; 8263.76; 2192593511.00; 19999.00; 19999.00; 20000.00; 19998.00; 19999.00;  -0.60; 1015.11; 172028.00;   0.75;,1,
1782389677.730023,2026-06-25T12:14:37.730Z,-187.51; -16.84; 997.59; -3838.19; 13727.70; -15780.89; 73629.29; -27343.88; 8265.69; 2192693609.00; 19999.00; 19999.00; 19999.00; 19999.00; 19999.00;  -0.60; 1015.20; 172028.00;   0.75;,1,
1782389677.746007,2026-06-25T12:14:37.746Z,-187.51; -16.84; 997.72; -3860.06; 13710.20; -15763.39; 73629.30; -27343.87; 8267.62; 2192793644.00; 19999.00; 19999.00; 19999.00; 20006.00; 19992.00;  -0.60; 1015.32; 172028.00;   0.75;,1,
1782389677.762375,2026-06-25T12:14:37.762Z,-187.51; -16.96; 997.72; -3864.44; 13705.83; -15789.64; 73629.33; -27343.86; 8269.55; 2192893777.00; 19999.00; 19999.00; 19999.00; 19999.00; 19999.00;  -0.60; 1015.33; 172028.00;   0.75;,1,
1782389677.778763,2026-06-25T12:14:37.778Z,-187.64; -17.08; 997.35; -3890.69; 13745.20; -15776.51; 73629.35; -27343.85; 8271.48; 2192993745.00; 19999.00; 19999.00; 19999.00; 19999.00; 19999.00;  -0.60; 1014.99; 172028.00;   0.75;,1,
1782389677.793498,2026-06-25T12:14:37.793Z,-187.51; -17.20; 996.86; -3785.69; 13705.83; -15763.39; 73629.37; -27343.84; 8273.42; 2193093976.00; 19999.00; 19999.00; 19999.00; 19999.00; 19999.00;  -0.60; 1014.49; 172028.00;   0.75;,1,
1782389677.810835,2026-06-25T12:14:37.810Z,-187.64; -17.20; 996.74; -3803.19; 13714.58; -15785.26; 73629.38; -27343.83; 8275.35; 2193193991.00; 19999.00; 20020.00; 19979.00; 19999.00; 19999.00;  -0.60; 1014.39; 172028.00;   0.75;,1,
1782389678.803745,2026-06-25T12:14:38.803Z,-187.39; -17.45; 996.98; -3588.81; 13535.20; -15776.51; 73629.41; -27343.81; 8277.28; 2193433307.00; 155446.00; 19997.00; 19999.00; 19999.00; 19999.00;  -0.60; 1014.59; 172028.00;   0.75;,1,
1782389678.820169,2026-06-25T12:14:38.820Z,-187.39; -17.32; 996.98; -3606.31; 13574.58; -15798.39; 73629.43; -27343.79; 8279.22; 2193533338.00; 19999.00; 19999.00; 19999.00; 19999.00; 19999.00;  -0.60; 1014.59; 173066.00;   0.75;,1,
1782389678.836603,2026-06-25T12:14:38.836Z,-187.15; -17.20; 996.98; -3663.19; 13557.08; -15763.39; 73629.45; -27343.77; 8281.16; 2193633765.00; 19999.00; 19999.00; 19999.00; 19999.00; 19999.00;  -0.60; 1014.54; 173066.00;   0.75;,1,
1782389678.852974,2026-06-25T12:14:38.853Z,-187.15; -17.20; 997.23; -3650.06; 13565.83; -15802.76; 73629.48; -27343.74; 8283.09; 2193733604.00; 19999.00; 19999.00; 20000.00; 19999.00; 19999.00;  -0.60; 1014.78; 173066.00;   0.75;,1,
1782389678.869516,2026-06-25T12:14:38.869Z,-187.64; -17.08; 997.35; -3553.81; 13517.70; -15789.64; 73629.50; -27343.72; 8285.03; 2193833708.00; 19999.00; 19999.00; 19999.00; 19999.00; 19999.00;  -0.60; 1014.99; 173066.00;   0.75;,1,
1782389678.885855,2026-06-25T12:14:38.886Z,-187.64; -17.08; 997.47; -3606.31; 13535.20; -15776.51; 73629.52; -27343.70; 8286.97; 2193933872.00; 19999.00; 19999.00; 19999.00; 19999.00; 19999.00;  -0.60; 1015.11; 173066.00;   0.75;,1,
1782389678.902311,2026-06-25T12:14:38.902Z,-187.39; -17.08; 997.72; -3615.06; 13561.45; -15785.26; 73629.54; -27343.68; 8288.91; 2194034175.00; 19999.00; 19999.00; 19999.00; 19999.00; 19999.00;  -0.60; 1015.31; 173066.00;   0.75;,1,
1782389678.918617,2026-06-25T12:14:38.918Z,-187.51; -17.20; 997.72; -3606.31; 13517.70; -15811.51; 73629.56; -27343.66; 8290.85; 2194133765.00; 19999.00; 19999.00; 19999.00; 19999.00; 19999.00;  -0.60; 1015.33; 173066.00;   0.75;,1,
1782389678.93346,2026-06-25T12:14:38.933Z,-187.39; -17.08; 997.47; -3606.31; 13600.83; -15794.01; 73629.57; -27343.63; 8292.79; 2194233835.00; 19999.00; 19999.00; 19999.00; 19999.00; 19999.00;  -0.60; 1015.07; 173066.00;   0.75;,1,
1782389678.951612,2026-06-25T12:14:38.951Z,-187.27; -17.08; 997.47; -3667.56; 13570.20; -15772.14; 73629.59; -27343.61; 8294.73; 2194333938.00; 19999.00; 20058.00; 19940.00; 19999.00; 19999.00;  -0.60; 1015.04; 173066.00;   0.75;,1,
1782389679.943352,2026-06-25T12:14:39.943Z,-187.15; -16.84; 997.72; -3846.94; 13771.45; -15811.51; 73629.59; -27343.60; 8296.67; 2194573398.00; 155396.00; 19997.00; 19999.00; 19999.00; 20072.00;  -0.59; 1015.26; 173066.00;   0.75;,1,
1782389679.960022,2026-06-25T12:14:39.960Z,-187.15; -16.96; 997.72; -3912.56; 13797.70; -15794.01; 73629.60; -27343.58; 8298.61; 2194673468.00; 19927.00; 19999.00; 19999.00; 19999.00; 19999.00;  -0.59; 1015.26; 172905.00;   0.75;,1,
1782389679.976354,2026-06-25T12:14:39.976Z,-187.03; -16.84; 997.72; -3899.44; 13753.95; -15759.01; 73629.60; -27343.56; 8300.55; 2194773327.00; 19999.00; 19999.00; 19999.00; 19999.00; 19999.00;  -0.59; 1015.23; 172905.00;   0.75;,1,
1782389679.992932,2026-06-25T12:14:39.993Z,-187.03; -16.84; 997.47; -3890.69; 13815.20; -15754.64; 73629.60; -27343.55; 8302.49; 2194873737.00; 19999.00; 19999.00; 19999.00; 19999.00; 19999.00;  -0.59; 1014.99; 172905.00;   0.75;,1,
1782389680.009446,2026-06-25T12:14:40.009Z,-187.03; -16.84; 997.72; -3842.56; 13749.58; -15798.39; 73629.60; -27343.53; 8304.42; 2194973612.00; 19999.00; 19999.00; 19999.00; 19999.00; 19999.00;  -0.59; 1015.23; 172905.00;   0.75;,1,
1782389680.026085,2026-06-25T12:14:40.026Z,-187.03; -16.84; 997.59; -3895.06; 13797.70; -15759.01; 73629.60; -27343.51; 8306.36; 2195073568.00; 19999.00; 19999.00; 20044.00; 19955.00; 19999.00;  -0.59; 1015.11; 172905.00;   0.75;,1,
1782389680.042245,2026-06-25T12:14:40.042Z,-187.15; -16.71; 997.47; -3895.06; 13823.95; -15763.39; 73629.60; -27343.50; 8308.30; 2195174066.00; 19999.00; 19999.00; 19999.00; 19999.00; 19999.00;  -0.60; 1015.01; 172905.00;   0.75;,1,
1782389680.058737,2026-06-25T12:14:40.058Z,-187.03; -16.59; 997.59; -3881.94; 13749.58; -15767.76; 73629.60; -27343.48; 8310.25; 2195273988.00; 19999.00; 19999.00; 19999.00; 19999.00; 19999.00;  -0.59; 1015.11; 172905.00;   0.75;,1,
1782389680.073283,2026-06-25T12:14:40.073Z,-186.90; -16.71; 997.59; -3925.69; 13802.08; -15745.89; 73629.60; -27343.46; 8312.19; 2195374014.00; 19999.00; 19999.00; 19999.00; 19999.00; 19999.00;  -0.59; 1015.09; 172905.00;   0.75;,1,
1782389680.090479,2026-06-25T12:14:40.090Z,-187.15; -16.71; 997.35; -3908.19; 13797.70; -15741.51; 73629.60; -27343.44; 8314.13; 2195473944.00; 19999.00; 19999.00; 19999.00; 19999.00; 19999.00;  -0.60; 1014.89; 172905.00;   0.75;,1,
1782389681.084513,2026-06-25T12:14:41.084Z,-187.88; -17.08; 997.59; -3680.69; 13561.45; -15798.39; 73629.61; -27343.42; 8316.08; 2195713337.00; 155505.00; 19998.00; 19999.00; 19999.00; 20014.00;  -0.60; 1015.28; 172905.00;   0.75;,1,
1782389681.100707,2026-06-25T12:14:41.100Z,-187.88; -16.84; 997.72; -3606.31; 13522.08; -15780.89; 73629.61; -27343.39; 8318.02; 2195813146.00; 19984.00; 19999.00; 19999.00; 19999.00; 19999.00;  -0.60; 1015.39; 173078.00;   0.75;,1,
1782389681.117183,2026-06-25T12:14:41.117Z,-187.64; -16.71; 997.96; -3610.69; 13535.20; -15763.39; 73629.61; -27343.37; 8319.97; 2195913799.00; 19999.00; 20003.00; 19995.00; 19999.00; 20163.00;  -0.60; 1015.58; 173078.00;   0.75;,1,
1782389681.133247,2026-06-25T12:14:41.133Z,-187.64; -16.84; 997.84; -3636.94; 13574.58; -15802.76; 73629.61; -27343.34; 8321.92; 2196013755.00; 19835.00; 19999.00; 19999.00; 19999.00; 19999.00;  -0.60; 1015.47; 173078.00;   0.75;,1,
1782389681.149991,2026-06-25T12:14:41.150Z,-187.64; -16.84; 998.08; -3676.31; 13596.45; -15772.14; 73629.61; -27343.31; 8323.87; 2196113532.00; 20001.00; 20028.00; 19968.00; 19999.00; 19999.00;  -0.60; 1015.71; 173078.00;   0.75;,1,
1782389681.166289,2026-06-25T12:14:41.166Z,-187.76; -16.84; 998.20; -3597.56; 13592.08; -15789.64; 73629.61; -27343.29; 8325.82; 2196213617.00; 19999.00; 19999.00; 19999.00; 19999.00; 19999.00;  -0.60; 1015.85; 173078.00;   0.75;,1,
1782389681.182656,2026-06-25T12:14:41.182Z,-187.88; -16.84; 998.20; -3628.19; 13526.45; -15772.14; 73629.61; -27343.27; 8327.77; 2196313908.00; 19999.00; 19999.00; 19999.00; 19999.00; 20010.00;  -0.60; 1015.87; 173078.00;   0.75;,1,
1782389681.199068,2026-06-25T12:14:41.199Z,-187.76; -16.84; 997.96; -3636.94; 13526.45; -15763.39; 73629.60; -27343.24; 8329.72; 2196413912.00; 19988.00; 19999.00; 19999.00; 19999.00; 19999.00;  -0.60; 1015.61; 173078.00;   0.75;,1,
1782389681.213436,2026-06-25T12:14:41.213Z,-187.88; -16.96; 997.96; -3601.94; 13508.95; -15780.89; 73629.60; -27343.22; 8331.66; 2196514172.00; 19999.00; 19999.00; 19999.00; 20003.00; 19996.00;  -0.60; 1015.63; 173078.00;   0.75;,1,
1782389681.230782,2026-06-25T12:14:41.230Z,-187.76; -17.08; 997.72; -3601.94; 13526.45; -15802.76; 73629.59; -27343.20; 8333.61; 2196614199.00; 19999.00; 19999.00; 19999.00; 19999.00; 19999.00;  -0.60; 1015.37; 173078.00;   0.75;,1,
1782389682.224588,2026-06-25T12:14:42.224Z,-186.90; -16.84; 997.96; -3759.44; 13692.70; -15802.76; 73629.59; -27343.18; 8335.56; 2196853395.00; 155841.00; 20000.00; 19999.00; 19999.00; 19999.00;  -0.59; 1015.45; 173078.00;   0.75;,1,
1782389682.24052,2026-06-25T12:14:42.240Z,-186.90; -17.08; 997.84; -3768.19; 13745.20; -15780.89; 73629.59; -27343.16; 8337.51; 2196953484.00; 19999.00; 19999.00; 19999.00; 19999.00; 19999.00;  -0.59; 1015.34; 172253.00;   0.75;,1,
1782389682.256805,2026-06-25T12:14:42.256Z,-186.90; -17.08; 997.35; -3825.06; 13718.95; -15772.14; 73629.59; -27343.14; 8339.46; 2197053696.00; 19999.00; 19999.00; 19999.00; 19999.00; 19999.00;  -0.59; 1014.86; 172253.00;   0.75;,1,
1782389682.273268,2026-06-25T12:14:42.273Z,-186.90; -17.20; 997.23; -3768.19; 13670.83; -15807.14; 73629.57; -27343.13; 8341.40; 2197153373.00; 19999.00; 19999.00; 19999.00; 19999.00; 19999.00;  -0.59; 1014.74; 172253.00;   0.75;,1,
1782389682.289732,2026-06-25T12:14:42.289Z,-186.90; -17.08; 997.11; -3715.69; 13653.33; -15759.01; 73629.55; -27343.10; 8343.36; 2197253803.00; 19999.00; 19999.00; 19999.00; 19999.00; 19999.00;  -0.59; 1014.62; 172253.00;   0.75;,1,
1782389682.30618,2026-06-25T12:14:42.306Z,-186.90; -16.96; 997.35; -3772.56; 13640.20; -15767.76; 73629.55; -27343.08; 8345.30; 2197353537.00; 19999.00; 19999.00; 19999.00; 19999.00; 19999.00;  -0.59; 1014.85; 172253.00;   0.75;,1,
1782389682.322476,2026-06-25T12:14:42.322Z,-186.90; -17.08; 997.59; -3750.69; 13657.70; -15815.89; 73629.53; -27343.06; 8347.25; 2197453819.00; 19999.00; 19999.00; 19999.00; 19999.00; 19999.00;  -0.59; 1015.10; 172253.00;   0.75;,1,
1782389682.338945,2026-06-25T12:14:42.338Z,-186.66; -16.84; 997.47; -3737.56; 13683.95; -15807.14; 73629.52; -27343.05; 8349.20; 2197554139.00; 19999.00; 19999.00; 19999.00; 19999.00; 19999.00;  -0.59; 1014.93; 172253.00;   0.75;,1,
1782389682.35414,2026-06-25T12:14:42.354Z,-186.78; -16.96; 997.47; -3816.31; 13688.33; -15776.51; 73629.51; -27343.03; 8351.15; 2197654080.00; 19999.00; 19999.00; 19999.00; 19999.00; 19999.00;  -0.59; 1014.95; 172253.00;   0.75;,1,
1782389682.371239,2026-06-25T12:14:42.371Z,-186.66; -16.96; 997.47; -3781.31; 13718.95; -15789.64; 73629.50; -27343.02; 8353.10; 2197754074.00; 19999.00; 19999.00; 19999.00; 19999.00; 19999.00;  -0.59; 1014.93; 172253.00;   0.75;,1,
1782389683.363867,2026-06-25T12:14:43.363Z,-187.64; -16.84; 997.23; -3794.44; 13736.45; -15798.39; 73629.48; -27343.00; 8355.05; 2197993322.00; 155725.00; 19999.00; 19999.00; 19999.00; 19999.00;  -0.60; 1014.87; 172253.00;   0.75;,1,
1782389683.380884,2026-06-25T12:14:43.381Z,-187.88; -16.96; 997.47; -3790.06; 13644.58; -15785.26; 73629.47; -27342.98; 8357.00; 2198093276.00; 20017.00; 19982.00; 19999.00; 19999.00; 19999.00;  -0.60; 1015.15; 173102.00;   0.75;,1,
1782389683.39686,2026-06-25T12:14:43.396Z,-187.76; -16.84; 997.23; -3768.19; 13701.45; -15785.26; 73629.45; -27342.97; 8358.95; 2198193638.00; 19999.00; 19999.00; 19999.00; 19999.00; 19999.00;  -0.60; 1014.89; 173102.00;   0.75;,1,
1782389683.41351,2026-06-25T12:14:43.413Z,-187.64; -16.59; 997.35; -3820.69; 13732.08; -15807.14; 73629.44; -27342.96; 8360.90; 2198293455.00; 20004.00; 19995.00; 19999.00; 19999.00; 19999.00;  -0.60; 1014.98; 173102.00;   0.75;,1,
1782389683.430045,2026-06-25T12:14:43.430Z,-187.39; -16.84; 997.47; -3790.06; 13749.58; -15754.64; 73629.42; -27342.94; 8362.85; 2198393841.00; 19999.00; 19999.00; 19999.00; 19999.00; 19999.00;  -0.60; 1015.06; 173102.00;   0.75;,1,
1782389683.446397,2026-06-25T12:14:43.446Z,-187.51; -16.96; 997.35; -3803.19; 13705.83; -15798.39; 73629.41; -27342.93; 8364.80; 2198493977.00; 19999.00; 19999.00; 19999.00; 19999.00; 19999.00;  -0.60; 1014.97; 173102.00;   0.75;,1,
1782389683.462755,2026-06-25T12:14:43.462Z,-187.39; -16.96; 997.47; -3877.56; 13740.83; -15780.89; 73629.40; -27342.91; 8366.76; 2198593907.00; 19999.00; 19999.00; 19999.00; 19999.00; 19999.00;  -0.60; 1015.06; 173102.00;   0.75;,1,
1782389683.479651,2026-06-25T12:14:43.479Z,-187.39; -16.84; 997.35; -3838.19; 13705.83; -15802.76; 73629.38; -27342.90; 8368.71; 2198694142.00; 19999.00; 19999.00; 19999.00; 19999.00; 19999.00;  -0.60; 1014.94; 173102.00;   0.75;,1,
1782389683.494403,2026-06-25T12:14:43.494Z,-187.64; -16.84; 997.35; -3785.69; 13705.83; -15785.26; 73629.36; -27342.89; 8370.66; 2198794007.00; 19999.00; 19999.00; 19999.00; 19999.00; 19999.00;  -0.60; 1014.99; 173102.00;   0.75;,1,
1782389683.511543,2026-06-25T12:14:43.511Z,-187.51; -16.84; 997.35; -3741.94; 13692.70; -15780.89; 73629.34; -27342.88; 8372.61; 2198894406.00; 20005.00; 20011.00; 19982.00; 19999.00; 19999.00;  -0.60; 1014.96; 173102.00;   0.75;,1,
1782389684.503776,2026-06-25T12:14:44.503Z,-187.15; -17.08; 997.47; -3606.31; 13605.20; -15776.51; 73629.33; -27342.86; 8374.56; 2199133173.00; 155937.00; 19999.00; 19999.00; 19999.00; 19999.00;  -0.60; 1015.02; 173102.00;   0.75;,1,
1782389684.519996,2026-06-25T12:14:44.520Z,-187.27; -17.32; 997.11; -3615.06; 13561.45; -15794.01; 73629.32; -27342.85; 8376.52; 2199233403.00; 19999.00; 19999.00; 19999.00; 19999.00; 19999.00;  -0.60; 1014.69; 173256.00;   0.75;,1,
1782389684.537047,2026-06-25T12:14:44.537Z,-187.15; -17.32; 996.98; -3584.44; 13570.20; -15789.64; 73629.31; -27342.83; 8378.47; 2199333609.00; 19999.00; 19999.00; 19999.00; 19999.00; 19999.00;  -0.60; 1014.55; 173256.00;   0.75;,1,
1782389684.553329,2026-06-25T12:14:44.553Z,-187.27; -17.32; 997.11; -3619.44; 13508.95; -15785.26; 73629.30; -27342.81; 8380.43; 2199433475.00; 19999.00; 19999.00; 19999.00; 19999.00; 19999.00;  -0.60; 1014.69; 173256.00;   0.75;,1,
1782389684.569543,2026-06-25T12:14:44.569Z,-187.27; -17.45; 997.11; -3593.19; 13526.45; -15789.64; 73629.29; -27342.79; 8382.38; 2199533746.00; 19999.00; 19999.00; 19999.00; 19999.00; 19999.00;  -0.60; 1014.69; 173256.00;   0.75;,1,
1782389684.586315,2026-06-25T12:14:44.586Z,-187.39; -17.32; 996.86; -3615.06; 13500.20; -15789.64; 73629.27; -27342.78; 8384.34; 2199633800.00; 19999.00; 19999.00; 19999.00; 19999.00; 19999.00;  -0.60; 1014.47; 173256.00;   0.75;,1,
1782389684.602627,2026-06-25T12:14:44.602Z,-187.39; -17.32; 996.98; -3588.81; 13526.45; -15798.39; 73629.26; -27342.77; 8386.29; 2199733773.00; 19999.00; 19999.00; 19999.00; 19999.00; 19999.00;  -0.60; 1014.59; 173256.00;   0.75;,1,
1782389684.618906,2026-06-25T12:14:44.618Z,-187.27; -17.08; 996.98; -3645.69; 13583.33; -15785.26; 73629.23; -27342.76; 8388.25; 2199834024.00; 19999.00; 19999.00; 19999.00; 19999.00; 19999.00;  -0.60; 1014.56; 173256.00;   0.75;,1,
1782389684.63376,2026-06-25T12:14:44.633Z,-187.15; -16.96; 997.23; -3610.69; 13500.20; -15785.26; 73629.22; -27342.75; 8390.20; 2199934243.00; 19999.00; 19999.00; 19999.00; 19999.00; 19999.00;  -0.60; 1014.78; 173256.00;   0.75;,1,
1782389684.650918,2026-06-25T12:14:44.651Z,-187.15; -17.08; 997.59; -3632.56; 13539.58; -15789.64; 73629.20; -27342.73; 8392.16; 2200034169.00; 19999.00; 19999.00; 19999.00; 19999.00; 19999.00;  -0.59; 1015.14; 173256.00;   0.75;,1,
1782389685.64447,2026-06-25T12:14:45.644Z,-187.15; -16.84; 997.84; -3912.56; 13749.58; -15794.01; 73629.17; -27342.73; 8394.11; 2200273307.00; 155631.00; 19999.00; 19999.00; 19999.00; 19999.00;  -0.59; 1015.38; 173256.00;   0.75;,1,
1782389685.660801,2026-06-25T12:14:45.660Z,-187.27; -16.84; 997.84; -3886.31; 13823.95; -15776.51; 73629.15; -27342.73; 8396.06; 2200373402.00; 19999.00; 19999.00; 19999.00; 19999.00; 19999.00;  -0.60; 1015.40; 178394.00;   0.75;,1,
1782389685.677472,2026-06-25T12:14:45.677Z,-186.90; -16.84; 997.47; -3921.31; 13837.08; -15759.01; 73629.12; -27342.73; 8398.01; 2200473267.00; 19999.00; 19999.00; 19999.00; 19999.00; 19999.00;  -0.59; 1014.97; 178394.00;   0.75;,1,
1782389685.69864,2026-06-25T12:14:45.698Z,-186.90; -16.84; 997.59; -3860.06; 13780.20; -15772.14; 73629.09; -27342.73; 8399.96; 2200573747.00; 19999.00; 19999.00; 19999.00; 19999.00; 19999.00;  -0.59; 1015.09; 178394.00;   0.75;,1,
1782389685.709868,2026-06-25T12:14:45.709Z,-187.03; -16.96; 997.47; -3903.81; 13815.20; -15754.64; 73629.06; -27342.73; 8401.91; 2200673842.00; 19999.00; 20003.00; 19996.00; 19999.00; 19999.00;  -0.59; 1015.00; 178394.00;   0.75;,1,
1782389685.726441,2026-06-25T12:14:45.726Z,-187.15; -17.08; 997.47; -3838.19; 13784.58; -15789.64; 73629.03; -27342.72; 8403.87; 2200773679.00; 19999.00; 19999.00; 19999.00; 19999.00; 19999.00;  -0.60; 1015.02; 178394.00;   0.75;,1,
1782389685.742869,2026-06-25T12:14:45.743Z,-187.15; -16.96; 997.47; -3921.31; 13797.70; -15789.64; 73629.00; -27342.72; 8405.82; 2200874144.00; 19999.00; 19999.00; 19999.00; 19999.00; 19999.00;  -0.60; 1015.02; 178394.00;   0.75;,1,
1782389685.759315,2026-06-25T12:14:45.759Z,-186.90; -16.84; 997.59; -3886.31; 13802.08; -15780.89; 73628.98; -27342.72; 8407.77; 2200973865.00; 19999.00; 19999.00; 19999.00; 19999.00; 19999.00;  -0.59; 1015.09; 178394.00;   0.75;,1,
1782389685.774217,2026-06-25T12:14:45.774Z,-187.15; -16.84; 997.47; -3860.06; 13780.20; -15763.39; 73628.96; -27342.72; 8409.72; 2201073972.00; 19999.00; 19999.00; 19999.00; 19999.00; 19999.00;  -0.60; 1015.02; 178394.00;   0.75;,1,
1782389685.791295,2026-06-25T12:14:45.791Z,-187.15; -16.84; 997.47; -3908.19; 13780.20; -15763.39; 73628.94; -27342.73; 8411.67; 2201174345.00; 19999.00; 19999.00; 19999.00; 20029.00; 19977.00;  -0.60; 1015.02; 178394.00;   0.75;,1,
1782389686.78451,2026-06-25T12:14:46.784Z,-187.88; -17.32; 997.72; -3580.06; 13552.70; -15833.39; 73628.91; -27342.73; 8413.62; 2201413306.00; 155971.00; 19999.00; 19999.00; 19999.00; 19999.00;  -0.60; 1015.40; 178394.00;   0.75;,1,
1782389686.800805,2026-06-25T12:14:46.800Z,-187.88; -17.69; 997.23; -3645.69; 13500.20; -15794.01; 73628.90; -27342.72; 8415.58; 2201513406.00; 19999.00; 19999.00; 19999.00; 19999.00; 20000.00;  -0.60; 1014.93; 173246.00;   0.75;,1,
1782389686.817197,2026-06-25T12:14:46.817Z,-188.00; -17.81; 997.11; -3645.69; 13596.45; -15811.51; 73628.88; -27342.72; 8417.53; 2201613272.00; 19999.00; 19999.00; 19999.00; 19999.00; 19999.00;  -0.60; 1014.83; 173246.00;   0.75;,1,
1782389686.833584,2026-06-25T12:14:46.833Z,-187.88; -17.57; 996.74; -3597.56; 13543.95; -15750.26; 73628.87; -27342.72; 8419.48; 2201713424.00; 19999.00; 19999.00; 19999.00; 19999.00; 19999.00;  -0.60; 1014.44; 173246.00;   0.75;,1,
1782389686.850138,2026-06-25T12:14:46.850Z,-187.88; -17.57; 996.98; -3645.69; 13539.58; -15789.64; 73628.86; -27342.72; 8421.44; 2201813553.00; 19999.00; 19999.00; 20060.00; 19938.00; 19999.00;  -0.60; 1014.68; 173246.00;   0.75;,1,
1782389686.866375,2026-06-25T12:14:46.866Z,-187.88; -17.32; 996.98; -3601.94; 13539.58; -15745.89; 73628.84; -27342.72; 8423.39; 2201913652.00; 19999.00; 19999.00; 19999.00; 19999.00; 19999.00;  -0.60; 1014.68; 173246.00;   0.75;,1,
1782389686.88292,2026-06-25T12:14:46.883Z,-188.00; -17.08; 997.11; -3606.31; 13535.20; -15833.39; 73628.83; -27342.72; 8425.34; 2202013638.00; 19999.00; 19999.00; 19999.00; 19999.00; 19999.00;  -0.60; 1014.82; 173246.00;   0.75;,1,
1782389686.899257,2026-06-25T12:14:46.899Z,-187.76; -16.96; 997.23; -3601.94; 13548.33; -15780.89; 73628.81; -27342.72; 8427.29; 2202113847.00; 19999.00; 19999.00; 19999.00; 19999.00; 19999.00;  -0.60; 1014.89; 173246.00;   0.75;,1,
1782389686.913888,2026-06-25T12:14:46.914Z,-187.64; -17.08; 997.35; -3676.31; 13561.45; -15798.39; 73628.79; -27342.72; 8429.24; 2202214230.00; 19999.00; 19999.00; 19999.00; 19999.00; 19999.00;  -0.60; 1014.99; 173246.00;   0.75;,1,
1782389686.93144,2026-06-25T12:14:46.931Z,-187.64; -16.96; 997.35; -3650.06; 13574.58; -15815.89; 73628.77; -27342.72; 8431.19; 2202314450.00; 19999.00; 19999.00; 19999.00; 19999.00; 19999.00;  -0.60; 1014.99; 173246.00;   0.75;,1,
1782389687.924484,2026-06-25T12:14:47.924Z,-186.78; -16.59; 997.72; -3759.44; 13727.70; -15767.76; 73628.75; -27342.73; 8433.14; 2202553434.00; 155987.00; 19999.00; 20000.00; 19999.00; 19999.00;  -0.59; 1015.18; 173246.00;   0.75;,1,
1782389687.94092,2026-06-25T12:14:47.941Z,-186.90; -16.71; 997.72; -3803.19; 13701.45; -15772.14; 73628.73; -27342.74; 8435.09; 2202653525.00; 19999.00; 19999.00; 19999.00; 19999.00; 19999.00;  -0.59; 1015.21; 176888.00;   0.75;,1,
1782389687.957624,2026-06-25T12:14:47.957Z,-186.90; -16.59; 997.84; -3763.81; 13648.95; -15767.76; 73628.70; -27342.74; 8437.04; 2202753266.00; 19999.00; 19999.00; 19999.00; 19999.00; 19999.00;  -0.59; 1015.33; 176888.00;   0.75;,1,
1782389687.974105,2026-06-25T12:14:47.974Z,-186.78; -16.59; 998.20; -3746.31; 13675.20; -15776.51; 73628.68; -27342.75; 8438.99; 2202853746.00; 19999.00; 19999.00; 19999.00; 19999.00; 20005.00;  -0.59; 1015.66; 176888.00;   0.75;,1,
1782389687.990076,2026-06-25T12:14:47.990Z,-186.90; -16.59; 998.08; -3750.69; 13688.33; -15776.51; 73628.66; -27342.76; 8440.94; 2202953564.00; 19994.00; 19999.00; 19999.00; 19999.00; 19999.00;  -0.59; 1015.57; 176888.00;   0.75;,1,
1782389688.006764,2026-06-25T12:14:48.006Z,-186.78; -16.59; 998.08; -3711.31; 13679.58; -15772.14; 73628.63; -27342.77; 8442.89; 2203053682.00; 19999.00; 19999.00; 19999.00; 19999.00; 19999.00;  -0.59; 1015.54; 176888.00;   0.75;,1,
1782389688.023185,2026-06-25T12:14:48.023Z,-186.78; -16.47; 998.33; -3763.81; 13692.70; -15789.64; 73628.62; -27342.77; 8444.84; 2203153911.00; 19999.00; 19999.00; 19999.00; 19999.00; 19999.00;  -0.59; 1015.78; 176888.00;   0.75;,1,
1782389688.039278,2026-06-25T12:14:48.039Z,-186.78; -16.35; 998.45; -3772.56; 13701.45; -15802.76; 73628.60; -27342.78; 8446.79; 2203254009.00; 19999.00; 19999.00; 19999.00; 19999.00; 19999.00;  -0.59; 1015.90; 176888.00;   0.75;,1,
1782389688.05426,2026-06-25T12:14:48.054Z,-186.90; -16.47; 998.33; -3816.31; 13692.70; -15763.39; 73628.59; -27342.79; 8448.73; 2203353970.00; 19999.00; 19999.00; 19999.00; 19999.00; 19999.00;  -0.59; 1015.80; 176888.00;   0.75;,1,
1782389688.071375,2026-06-25T12:14:48.071Z,-186.66; -16.47; 998.33; -3768.19; 13723.33; -15763.39; 73628.57; -27342.80; 8450.68; 2203454400.00; 19999.00; 19999.00; 19999.00; 19999.00; 20064.00;  -0.59; 1015.76; 176888.00;   0.75;,1,
1782389689.063836,2026-06-25T12:14:49.064Z,-187.39; -16.35; 998.20; -3772.56; 13679.58; -15780.89; 73628.55; -27342.81; 8452.63; 2203693329.00; 155951.00; 19999.00; 20051.00; 19947.00; 20004.00;  -0.60; 1015.77; 176888.00;   0.75;,1,
1782389689.083091,2026-06-25T12:14:49.083Z,-187.51; -16.35; 998.20; -3776.94; 13727.70; -15789.64; 73628.53; -27342.83; 8454.57; 2203793173.00; 19995.00; 19999.00; 19999.00; 19999.00; 20006.00;  -0.60; 1015.80; 172238.00;   0.75;,1,
1782389689.096418,2026-06-25T12:14:49.096Z,-187.39; -16.35; 998.08; -3881.94; 13753.95; -15772.14; 73628.52; -27342.84; 8456.52; 2203893267.00; 19993.00; 19999.00; 19999.00; 20017.00; 19981.00;  -0.60; 1015.65; 172238.00;   0.75;,1,
1782389689.112972,2026-06-25T12:14:49.113Z,-187.39; -16.47; 998.20; -3798.81; 13736.45; -15785.26; 73628.50; -27342.85; 8458.46; 2203993437.00; 19999.00; 19999.00; 19999.00; 19999.00; 19999.00;  -0.60; 1015.77; 172238.00;   0.75;,1,
1782389689.129377,2026-06-25T12:14:49.129Z,-187.39; -16.47; 998.20; -3846.94; 13714.58; -15776.51; 73628.48; -27342.86; 8460.40; 2204093550.00; 19999.00; 19999.00; 19999.00; 19999.00; 19999.00;  -0.60; 1015.77; 172238.00;   0.75;,1,
1782389689.146016,2026-06-25T12:14:49.146Z,-187.51; -16.59; 998.08; -3860.06; 13688.33; -15772.14; 73628.47; -27342.87; 8462.35; 2204193686.00; 19999.00; 20047.00; 19951.00; 19999.00; 19999.00;  -0.60; 1015.68; 172238.00;   0.75;,1,
1782389689.163416,2026-06-25T12:14:49.163Z,-187.64; -16.59; 998.08; -3838.19; 13692.70; -15785.26; 73628.45; -27342.88; 8464.29; 2204294037.00; 19999.00; 19999.00; 19999.00; 19999.00; 19999.00;  -0.60; 1015.70; 172238.00;   0.75;,1,
1782389689.178735,2026-06-25T12:14:49.178Z,-187.64; -16.59; 997.96; -3825.06; 13662.08; -15780.89; 73628.44; -27342.90; 8466.23; 2204393897.00; 19999.00; 19999.00; 19999.00; 19999.00; 19999.00;  -0.60; 1015.58; 172238.00;   0.75;,1,
1782389689.19353,2026-06-25T12:14:49.193Z,-187.39; -16.59; 998.08; -3790.06; 13705.83; -15759.01; 73628.42; -27342.92; 8468.18; 2204494100.00; 19999.00; 19999.00; 19999.00; 19999.00; 19999.00;  -0.60; 1015.66; 172238.00;   0.75;,1,
1782389689.210967,2026-06-25T12:14:49.211Z,-187.64; -16.59; 998.20; -3785.69; 13648.95; -15776.51; 73628.41; -27342.94; 8470.12; 2204593968.00; 20008.00; 19991.00; 19999.00; 19999.00; 19999.00;  -0.60; 1015.82; 172238.00;   0.75;,1,
1782389690.184239,2026-06-25T12:14:50.184Z,-187.64; -16.59; 998.08; -3628.19; 13583.33; -15789.64; 73628.41; -27342.95; 8472.06; 2204813447.00; 155418.00; 722.00; 20019.00; 19979.00; 19999.00;  -0.60; 1015.70; 172238.00;   0.75;,1,
1782389690.200266,2026-06-25T12:14:50.200Z,-187.76; -16.71; 998.08; -3685.06; 13539.58; -15776.51; 73628.30; -27342.84; 8473.54; 2204913186.00; 19999.00; 19999.00; 19999.00; 19999.00; 20012.00;  -0.60; 1015.73; 172238.00;   0.75;,1,
1782389690.216625,2026-06-25T12:14:50.216Z,-187.88; -16.84; 998.20; -3623.81; 13592.08; -15772.14; 73628.29; -27342.86; 8475.49; 2205013406.00; 20025.00; 19961.00; 19999.00; 19999.00; 19999.00;  -0.60; 1015.87; 173007.00;   0.75;,1,
1782389690.233051,2026-06-25T12:14:50.233Z,-187.76; -16.71; 998.45; -3685.06; 13552.70; -15785.26; 73628.28; -27342.87; 8477.43; 2205113456.00; 19999.00; 19999.00; 19999.00; 19999.00; 19999.00;  -0.60; 1016.09; 173007.00;   0.75;,1,
1782389690.249473,2026-06-25T12:14:50.249Z,-187.88; -16.84; 998.33; -3628.19; 13552.70; -15794.01; 73628.27; -27342.89; 8479.37; 2205213442.00; 19999.00; 19999.00; 19999.00; 19999.00; 19999.00;  -0.60; 1015.99; 173007.00;   0.75;,1,
1782389690.266088,2026-06-25T12:14:50.266Z,-187.64; -16.71; 998.45; -3628.19; 13535.20; -15794.01; 73628.27; -27342.91; 8481.31; 2205313566.00; 19999.00; 19999.00; 19999.00; 19999.00; 19999.00;  -0.60; 1016.06; 173007.00;   0.75;,1,
1782389690.28229,2026-06-25T12:14:50.282Z,-187.64; -16.59; 998.57; -3641.31; 13513.33; -15811.51; 73628.26; -27342.92; 8483.25; 2205413769.00; 19999.00; 19999.00; 19999.00; 19999.00; 19999.00;  -0.60; 1016.18; 173007.00;   0.75;,1,
1782389690.297182,2026-06-25T12:14:50.297Z,-187.64; -16.59; 998.57; -3575.69; 13526.45; -15802.76; 73628.25; -27342.94; 8485.20; 2205514248.00; 19999.00; 19999.00; 20002.00; 19996.00; 19999.00;  -0.60; 1016.18; 173007.00;   0.75;,1,
1782389690.313528,2026-06-25T12:14:50.313Z,-187.88; -16.59; 998.57; -3645.69; 13578.95; -15789.64; 73628.24; -27342.95; 8487.14; 2205613975.00; 19999.00; 19999.00; 19999.00; 19999.00; 19999.00;  -0.60; 1016.23; 173007.00;   0.75;,1,
1782389690.330845,2026-06-25T12:14:50.330Z,-187.88; -16.47; 998.81; -3667.56; 13557.08; -15759.01; 73628.23; -27342.97; 8489.08; 2205713974.00; 19999.00; 19999.00; 19999.00; 19999.00; 19999.00;  -0.60; 1016.46; 173007.00;   0.75;,1,
1782389691.304342,2026-06-25T12:14:51.304Z,-187.27; -16.59; 998.69; -3580.06; 13522.08; -15820.26; 73628.23; -27342.98; 8491.03; 2205933298.00; 155534.00; 3356.00; 19998.00; 19999.00; 19999.00;  -0.59; 1016.23; 173007.00;   0.75;,1,
1782389691.3207,2026-06-25T12:14:51.320Z,-187.39; -16.84; 998.81; -3636.94; 13517.70; -15815.89; 73628.13; -27342.90; 8492.56; 2206033656.00; 19999.00; 19999.00; 19999.00; 19999.00; 20002.00;  -0.59; 1016.38; 173007.00;   0.75;,1,
1782389691.337017,2026-06-25T12:14:51.337Z,-187.27; -16.84; 998.69; -3610.69; 13570.20; -15798.39; 73628.13; -27342.92; 8494.50; 2206133240.00; 19997.00; 19999.00; 19999.00; 19999.00; 19999.00;  -0.59; 1016.24; 173158.00;   0.75;,1,
1782389691.353533,2026-06-25T12:14:51.353Z,-187.15; -16.84; 998.69; -3615.06; 13543.95; -15802.76; 73628.13; -27342.94; 8496.45; 2206233730.00; 20014.00; 19985.00; 19999.00; 20008.00; 19991.00;  -0.59; 1016.22; 173158.00;   0.75;,1,
1782389691.370254,2026-06-25T12:14:51.370Z,-187.03; -16.71; 998.81; -3641.31; 13574.58; -15798.39; 73628.13; -27342.96; 8498.38; 2206333841.00; 19999.00; 19999.00; 19999.00; 19999.00; 19999.00;  -0.59; 1016.31; 173158.00;   0.75;,1,
1782389691.386889,2026-06-25T12:14:51.386Z,-187.15; -16.84; 998.69; -3632.56; 13587.70; -15776.51; 73628.12; -27342.98; 8500.32; 2206433762.00; 20080.00; 19919.00; 19999.00; 19999.00; 20085.00;  -0.59; 1016.22; 173158.00;   0.75;,1,
1782389691.402849,2026-06-25T12:14:51.402Z,-186.90; -16.84; 998.57; -3623.81; 13557.08; -15789.64; 73628.12; -27343.00; 8502.27; 2206533950.00; 19914.00; 19999.00; 20052.00; 19946.00; 19999.00;  -0.59; 1016.05; 173158.00;   0.75;,1,
1782389691.417805,2026-06-25T12:14:51.418Z,-187.27; -17.08; 998.45; -3531.94; 13530.83; -15802.76; 73628.12; -27343.02; 8504.21; 2206634134.00; 19999.00; 19999.00; 19999.00; 19999.00; 19999.00;  -0.59; 1016.00; 173158.00;   0.75;,1,
1782389691.43437,2026-06-25T12:14:51.434Z,-187.27; -17.20; 998.20; -3597.56; 13561.45; -15759.01; 73628.12; -27343.04; 8506.14; 2206734077.00; 19999.00; 20003.00; 19995.00; 19999.00; 19999.00;  -0.59; 1015.76; 173158.00;   0.75;,1,
1782389691.451343,2026-06-25T12:14:51.451Z,-187.39; -17.32; 997.84; -3610.69; 13535.20; -15767.76; 73628.12; -27343.06; 8508.08; 2206834447.00; 19999.00; 19999.00; 19999.00; 19999.00; 19999.00;  -0.60; 1015.43; 173158.00;   0.75;,1,
1782389692.424542,2026-06-25T12:14:52.424Z,-186.66; -17.20; 997.96; -3763.81; 13644.58; -15750.26; 73628.12; -27343.08; 8510.01; 2207053174.00; 155907.00; 3138.00; 20024.00; 19970.00; 19999.00;  -0.59; 1015.41; 173158.00;   0.75;,1,
1782389692.441063,2026-06-25T12:14:52.441Z,-186.66; -16.96; 997.72; -3811.94; 13710.20; -15798.39; 73628.01; -27343.01; 8511.54; 2207153642.00; 19999.00; 20035.00; 19963.00; 19999.00; 19999.00;  -0.59; 1015.17; 173158.00;   0.75;,1,
1782389692.457377,2026-06-25T12:14:52.457Z,-186.66; -17.32; 997.23; -3763.81; 13683.95; -15763.39; 73628.01; -27343.04; 8513.48; 2207253336.00; 19999.00; 19999.00; 19999.00; 19999.00; 19999.00;  -0.59; 1014.69; 172142.00;   0.75;,1,
1782389692.473724,2026-06-25T12:14:52.473Z,-186.66; -17.32; 996.98; -3772.56; 13723.33; -15776.51; 73628.01; -27343.06; 8515.42; 2207353732.00; 19999.00; 19999.00; 19999.00; 19999.00; 19999.00;  -0.59; 1014.46; 172142.00;   0.75;,1,
1782389692.490551,2026-06-25T12:14:52.490Z,-186.66; -17.32; 996.86; -3790.06; 13749.58; -15776.51; 73628.01; -27343.08; 8517.35; 2207453565.00; 19999.00; 19999.00; 19999.00; 19999.00; 19999.00;  -0.59; 1014.34; 172142.00;   0.75;,1,
1782389692.506412,2026-06-25T12:14:52.506Z,-186.78; -17.20; 996.98; -3702.56; 13648.95; -15780.89; 73628.01; -27343.11; 8519.29; 2207554005.00; 19999.00; 19999.00; 19999.00; 19999.00; 20020.00;  -0.59; 1014.48; 172142.00;   0.75;,1,
1782389692.522948,2026-06-25T12:14:52.523Z,-186.78; -17.08; 997.11; -3755.06; 13679.58; -15815.89; 73628.01; -27343.14; 8521.23; 2207653906.00; 19979.00; 19999.00; 19999.00; 19999.00; 19999.00;  -0.59; 1014.59; 172142.00;   0.75;,1,
1782389692.538101,2026-06-25T12:14:52.538Z,-186.66; -16.84; 997.35; -3715.69; 13679.58; -15772.14; 73628.01; -27343.16; 8523.16; 2207753949.00; 19999.00; 19999.00; 19999.00; 19999.00; 19999.00;  -0.59; 1014.81; 172142.00;   0.75;,1,
1782389692.554242,2026-06-25T12:14:52.554Z,-186.78; -16.84; 997.35; -3746.31; 13675.20; -15776.51; 73628.01; -27343.19; 8525.09; 2207853839.00; 19999.00; 19999.00; 19999.00; 19999.00; 19999.00;  -0.59; 1014.83; 172142.00;   0.75;,1,
1782389692.571476,2026-06-25T12:14:52.571Z,-186.78; -16.84; 997.47; -3728.81; 13692.70; -15772.14; 73628.01; -27343.22; 8527.03; 2207954404.00; 19999.00; 19999.00; 20032.00; 19971.00; 19994.00;  -0.59; 1014.95; 172142.00;   0.75;,1,
1782389693.564244,2026-06-25T12:14:53.564Z,-187.39; -16.71; 997.47; -3846.94; 13740.83; -15798.39; 73628.02; -27343.24; 8528.96; 2208193328.00; 155970.00; 20000.00; 19999.00; 19999.00; 20010.00;  -0.60; 1015.06; 172142.00;   0.75;,1,
1782389693.580359,2026-06-25T12:14:53.580Z,-187.51; -16.59; 997.72; -3860.06; 13701.45; -15789.64; 73628.02; -27343.27; 8530.89; 2208293311.00; 19989.00; 20005.00; 19993.00; 20002.00; 19997.00;  -0.60; 1015.32; 171285.00;   0.75;,1,
1782389693.59683,2026-06-25T12:14:53.596Z,-187.39; -16.59; 997.84; -3755.06; 13683.95; -15767.76; 73628.03; -27343.30; 8532.83; 2208393805.00; 19999.00; 19999.00; 19999.00; 19999.00; 19999.00;  -0.60; 1015.42; 171285.00;   0.75;,1,
1782389693.61337,2026-06-25T12:14:53.613Z,-187.51; -16.35; 997.72; -3803.19; 13692.70; -15789.64; 73628.03; -27343.33; 8534.75; 2208493816.00; 20052.00; 19947.00; 19999.00; 19999.00; 19999.00;  -0.60; 1015.32; 171285.00;   0.75;,1,
1782389693.629799,2026-06-25T12:14:53.629Z,-187.64; -16.47; 997.96; -3772.56; 13705.83; -15794.01; 73628.04; -27343.36; 8536.68; 2208593854.00; 19999.00; 19999.00; 19999.00; 19999.00; 20003.00;  -0.60; 1015.58; 171285.00;   0.75;,1,
1782389693.646293,2026-06-25T12:14:53.646Z,-187.39; -16.35; 998.08; -3825.06; 13740.83; -15767.76; 73628.05; -27343.39; 8538.61; 2208693564.00; 19995.00; 19999.00; 19999.00; 19999.00; 19999.00;  -0.60; 1015.65; 171285.00;   0.75;,1,
1782389693.662538,2026-06-25T12:14:53.662Z,-187.39; -16.35; 998.08; -3825.06; 13714.58; -15794.01; 73628.05; -27343.41; 8540.54; 2208793862.00; 19999.00; 19999.00; 19999.00; 19999.00; 19999.00;  -0.60; 1015.65; 171285.00;   0.75;,1,
1782389693.679021,2026-06-25T12:14:53.679Z,-187.39; -16.47; 998.08; -3829.44; 13732.08; -15772.14; 73628.06; -27343.44; 8542.47; 2208893742.00; 19999.00; 19999.00; 19999.00; 19999.00; 19999.00;  -0.60; 1015.65; 171285.00;   0.75;,1,
1782389693.69382,2026-06-25T12:14:53.693Z,-187.51; -16.47; 998.33; -3794.44; 13723.33; -15767.76; 73628.08; -27343.46; 8544.39; 2208994384.00; 19999.00; 20041.00; 19957.00; 19999.00; 20155.00;  -0.60; 1015.92; 171285.00;   0.75;,1,
1782389693.711145,2026-06-25T12:14:53.711Z,-187.51; -16.59; 998.20; -3816.31; 13688.33; -15750.26; 73628.09; -27343.49; 8546.32; 2209094203.00; 19843.00; 19999.00; 19999.00; 20019.00; 19979.00;  -0.60; 1015.80; 171285.00;   0.75;,1,
1782389694.704205,2026-06-25T12:14:54.704Z,-187.27; -16.59; 998.45; -3667.56; 13552.70; -15824.64; 73628.10; -27343.51; 8548.25; 2209333353.00; 155663.00; 19999.00; 19999.00; 19999.00; 20035.00;  -0.59; 1015.99; 171285.00;   0.75;,1,
1782389694.720616,2026-06-25T12:14:54.720Z,-187.27; -16.71; 998.45; -3575.69; 13504.58; -15780.89; 73628.11; -27343.53; 8550.18; 2209433548.00; 19963.00; 20041.00; 19957.00; 19999.00; 19999.00;  -0.59; 1016.00; 178726.00;   0.75;,1,
1782389694.737291,2026-06-25T12:14:54.737Z,-187.15; -16.84; 998.45; -3636.94; 13570.20; -15785.26; 73628.13; -27343.55; 8552.11; 2209533414.00; 19999.00; 19999.00; 19999.00; 19999.00; 19999.00;  -0.59; 1015.98; 178726.00;   0.75;,1,
1782389694.753597,2026-06-25T12:14:54.753Z,-187.15; -16.59; 998.69; -3571.31; 13539.58; -15789.64; 73628.16; -27343.57; 8554.04; 2209633731.00; 20040.00; 19958.00; 19999.00; 19999.00; 19999.00;  -0.59; 1016.21; 178726.00;   0.75;,1,
1782389694.770468,2026-06-25T12:14:54.770Z,-187.15; -16.59; 998.69; -3671.94; 13578.95; -15780.89; 73628.18; -27343.59; 8555.97; 2209733658.00; 19999.00; 19999.00; 19999.00; 19999.00; 20041.00;  -0.59; 1016.21; 178726.00;   0.75;,1,
1782389694.786233,2026-06-25T12:14:54.786Z,-187.39; -16.71; 998.69; -3628.19; 13522.08; -15820.26; 73628.20; -27343.60; 8557.90; 2209834049.00; 19965.00; 19992.00; 19999.00; 19999.00; 19999.00;  -0.60; 1016.26; 178726.00;   0.75;,1,
1782389694.802626,2026-06-25T12:14:54.802Z,-187.27; -16.59; 998.57; -3549.44; 13517.70; -15815.89; 73628.23; -27343.62; 8559.83; 2209933673.00; 19999.00; 20006.00; 19993.00; 19999.00; 19999.00;  -0.59; 1016.11; 178726.00;   0.75;,1,
1782389694.819098,2026-06-25T12:14:54.819Z,-187.27; -16.59; 998.57; -3632.56; 13561.45; -15780.89; 73628.24; -27343.63; 8561.76; 2210033975.00; 19999.00; 19999.00; 19999.00; 19999.00; 20029.00;  -0.59; 1016.11; 178726.00;   0.75;,1,
1782389694.834285,2026-06-25T12:14:54.834Z,-187.15; -16.59; 998.69; -3601.94; 13552.70; -15837.76; 73628.27; -27343.65; 8563.68; 2210133868.00; 19970.00; 19999.00; 19999.00; 19999.00; 20001.00;  -0.59; 1016.21; 178726.00;   0.75;,1,
1782389694.851449,2026-06-25T12:14:54.851Z,-187.15; -16.71; 998.69; -3619.44; 13530.83; -15780.89; 73628.29; -27343.66; 8565.61; 2210234204.00; 19997.00; 19999.00; 19999.00; 19999.00; 19999.00;  -0.59; 1016.21; 178726.00;   0.75;,1,
