ros_time,recv_time_utc,ax,ay,az,gx,gy,gz,roll,pitch,yaw,timeantwifi,usciclo1,usciclo2,usciclo3,usciclo4,usciclo5,si,accmag,microsds,k3
1782389779.964365,2026-06-25T12:16:19.964Z,-187.64,-16.84,997.47,-3829.44,13710.20,-15794.01,73627.91,-27343.15,9998.36,2294593326.00,155836.00,19956.00,19999.00,19999.00,19999.00,-0.60,1015.11,179082.00,0.75
1782389779.983607,2026-06-25T12:16:19.983Z,-187.76,-16.96,997.47,-3829.44,13688.33,-15763.39,73627.91,-27343.18,10000.30,2294693518.00,19999.00,19999.00,19999.00,19999.00,19999.00,-0.60,1015.13,180959.00,0.75
1782389779.997011,2026-06-25T12:16:19.997Z,-187.64,-16.71,997.47,-3790.06,13705.83,-15772.14,73627.91,-27343.21,10002.23,2294793377.00,19999.00,20003.00,19995.00,19999.00,19999.00,-0.60,1015.10,180959.00,0.75
1782389780.013816,2026-06-25T12:16:20.013Z,-187.51,-16.84,997.59,-3763.81,13657.70,-15798.39,73627.92,-27343.24,10004.16,2294893370.00,19999.00,19999.00,19999.00,19999.00,19999.00,-0.60,1015.20,180959.00,0.75
1782389780.030465,2026-06-25T12:16:20.030Z,-187.64,-16.84,997.47,-3781.31,13666.45,-15772.14,73627.93,-27343.27,10006.09,2294993465.00,19999.00,20029.00,19970.00,19999.00,19999.00,-0.60,1015.11,180959.00,0.75
1782389780.046703,2026-06-25T12:16:20.046Z,-187.64,-16.84,997.47,-3825.06,13762.70,-15780.89,73627.94,-27343.30,10008.02,2295093689.00,19999.00,19999.00,19999.00,19999.00,19999.00,-0.60,1015.11,180959.00,0.75
1782389780.063013,2026-06-25T12:16:20.063Z,-187.51,-16.84,997.35,-3803.19,13749.58,-15780.89,73627.95,-27343.33,10009.95,2295193978.00,19999.00,19999.00,19999.00,19999.00,19999.00,-0.60,1014.96,180959.00,0.75
1782389780.08011,2026-06-25T12:16:20.080Z,-187.64,-16.71,997.47,-3759.44,13758.33,-15763.39,73627.95,-27343.36,10011.88,2295293775.00,19999.00,20025.00,19973.00,19999.00,19999.00,-0.60,1015.10,180959.00,0.75
1782389780.107494,2026-06-25T12:16:20.107Z,-187.64,-16.84,997.47,-3886.31,13727.70,-15820.26,73627.96,-27343.38,10013.81,2295394057.00,19999.00,19999.00,19999.00,19999.00,20042.00,-0.60,1015.11,180959.00,0.75
1782389780.115782,2026-06-25T12:16:20.115Z,-187.88,-16.59,997.47,-3755.06,13732.08,-15789.64,73627.98,-27343.41,10015.74,2295493979.00,19956.00,19999.00,19999.00,19999.00,19999.00,-0.60,1015.15,180959.00,0.75
1782389781.104559,2026-06-25T12:16:21.104Z,-187.39,-16.96,997.72,-3593.19,13552.70,-15789.64,73627.98,-27343.44,10017.67,2295733316.00,155615.00,19995.00,19999.00,19999.00,19999.00,-0.60,1015.30,180959.00,0.75
1782389781.121209,2026-06-25T12:16:21.121Z,-187.15,-16.96,997.84,-3632.56,13596.45,-15767.76,73627.99,-27343.47,10019.60,2295833589.00,19999.00,19999.00,19999.00,19999.00,20003.00,-0.59,1015.38,180959.00,0.75
1782389781.137325,2026-06-25T12:16:21.137Z,-187.15,-17.20,997.59,-3597.56,13530.83,-15763.39,73628.02,-27343.49,10021.53,2295933621.00,19995.00,19999.00,19999.00,19999.00,19999.00,-0.59,1015.14,185726.00,0.75
1782389781.154066,2026-06-25T12:16:21.154Z,-187.15,-17.20,997.47,-3597.56,13557.08,-15750.26,73628.03,-27343.51,10023.46,2296033402.00,19999.00,19999.00,19999.00,19999.00,19999.00,-0.60,1015.02,185726.00,0.75
1782389781.170331,2026-06-25T12:16:21.170Z,-187.15,-17.32,997.47,-3636.94,13557.08,-15802.76,73628.05,-27343.54,10025.39,2296133577.00,19999.00,19999.00,19999.00,20000.00,19999.00,-0.60,1015.02,185726.00,0.75
1782389781.186645,2026-06-25T12:16:21.186Z,-187.15,-17.32,997.23,-3566.94,13539.58,-15811.51,73628.08,-27343.56,10027.32,2296233644.00,19999.00,19999.00,19999.00,19999.00,19999.00,-0.60,1014.78,185726.00,0.75
1782389781.203063,2026-06-25T12:16:21.203Z,-187.15,-17.08,997.23,-3588.81,13539.58,-15798.39,73628.10,-27343.58,10029.25,2296333909.00,19999.00,20033.00,19965.00,19999.00,19999.00,-0.60,1014.78,185726.00,0.75
1782389781.219578,2026-06-25T12:16:21.219Z,-187.15,-17.08,997.35,-3593.19,13526.45,-15785.26,73628.13,-27343.60,10031.18,2296434180.00,19999.00,19999.00,19999.00,19999.00,20022.00,-0.60,1014.90,185726.00,0.75
1782389781.236137,2026-06-25T12:16:21.236Z,-187.03,-17.08,997.35,-3650.06,13587.70,-15789.64,73628.15,-27343.62,10033.10,2296534374.00,19977.00,19999.00,19999.00,19999.00,19999.00,-0.59,1014.88,185726.00,0.75
1782389781.251272,2026-06-25T12:16:21.251Z,-186.90,-16.96,997.35,-3606.31,13570.20,-15789.64,73628.17,-27343.64,10035.03,2296633976.00,19999.00,19999.00,19999.00,19999.00,19999.00,-0.59,1014.85,185726.00,0.75
1782389782.244585,2026-06-25T12:16:22.244Z,-186.90,-16.59,997.72,-3895.06,13815.20,-15754.64,73628.19,-27343.67,10036.96,2296873326.00,155632.00,20001.00,19997.00,20033.00,19965.00,-0.59,1015.21,185726.00,0.75
1782389782.260797,2026-06-25T12:16:22.260Z,-187.03,-16.47,997.72,-3886.31,13802.08,-15772.14,73628.20,-27343.69,10038.88,2296973260.00,19999.00,19999.00,19999.00,19999.00,19999.00,-0.59,1015.23,185726.00,0.75
1782389782.278347,2026-06-25T12:16:22.278Z,-186.90,-16.35,998.08,-3881.94,13806.45,-15772.14,73628.22,-27343.71,10040.80,2297073381.00,19999.00,19999.00,19999.00,19999.00,19999.00,-0.59,1015.56,190164.00,0.75
1782389782.294138,2026-06-25T12:16:22.294Z,-186.90,-16.35,997.96,-3934.44,13745.20,-15763.39,73628.23,-27343.74,10042.73,2297173524.00,19999.00,19999.00,19999.00,19999.00,19999.00,-0.59,1015.44,190164.00,0.75
1782389782.310188,2026-06-25T12:16:22.310Z,-187.15,-16.59,997.96,-3916.94,13819.58,-15754.64,73628.25,-27343.76,10044.65,2297273913.00,19999.00,19999.00,19999.00,19999.00,19999.00,-0.59,1015.49,190164.00,0.75
1782389782.326603,2026-06-25T12:16:22.326Z,-186.90,-16.59,998.08,-3864.44,13802.08,-15780.89,73628.28,-27343.79,10046.57,2297373577.00,19999.00,19999.00,19999.00,19999.00,19999.00,-0.59,1015.57,190164.00,0.75
1782389782.343123,2026-06-25T12:16:22.343Z,-186.90,-16.71,997.72,-3925.69,13815.20,-15807.14,73628.30,-27343.81,10048.49,2297473677.00,19999.00,19999.00,19999.00,19999.00,19999.00,-0.59,1015.21,190164.00,0.75
1782389782.359659,2026-06-25T12:16:22.359Z,-187.03,-16.71,997.59,-3895.06,13806.45,-15772.14,73628.32,-27343.83,10050.41,2297573949.00,19999.00,19999.00,19999.00,19999.00,19999.00,-0.59,1015.11,190164.00,0.75
1782389782.37606,2026-06-25T12:16:22.376Z,-186.90,-16.71,997.72,-3860.06,13771.45,-15780.89,73628.35,-27343.85,10052.33,2297674346.00,19999.00,19999.00,19999.00,19999.00,19999.00,-0.59,1015.21,190164.00,0.75
1782389782.391337,2026-06-25T12:16:22.391Z,-186.90,-16.47,997.72,-3943.19,13828.33,-15780.89,73628.38,-27343.87,10054.26,2297774210.00,19999.00,19999.00,19999.00,19999.00,19999.00,-0.59,1015.21,190164.00,0.75
1782389783.383676,2026-06-25T12:16:23.383Z,-187.51,-16.84,997.59,-3553.81,13548.33,-15772.14,73628.41,-27343.88,10056.19,2298013457.00,155673.00,19996.00,19999.00,19999.00,19999.00,-0.60,1015.20,190164.00,0.75
1782389783.400269,2026-06-25T12:16:23.400Z,-187.64,-16.84,997.72,-3588.81,13570.20,-15776.51,73628.45,-27343.89,10058.11,2298113282.00,19999.00,19999.00,19999.00,19999.00,19999.00,-0.60,1015.35,179983.00,0.75
1782389783.417413,2026-06-25T12:16:23.417Z,-187.51,-16.71,997.96,-3641.31,13539.58,-15785.26,73628.48,-27343.90,10060.03,2298213623.00,19999.00,19999.00,19999.00,19999.00,19999.00,-0.60,1015.56,179983.00,0.75
1782389783.433301,2026-06-25T12:16:23.433Z,-187.51,-16.59,997.84,-3584.44,13513.33,-15802.76,73628.51,-27343.91,10061.96,2298313675.00,19999.00,19999.00,19999.00,19999.00,19999.00,-0.60,1015.44,179983.00,0.75
1782389783.449765,2026-06-25T12:16:23.449Z,-187.64,-16.59,997.96,-3650.06,13574.58,-15785.26,73628.54,-27343.92,10063.89,2298413634.00,19999.00,19999.00,19999.00,19999.00,19999.00,-0.60,1015.58,179983.00,0.75
1782389783.466434,2026-06-25T12:16:23.466Z,-187.76,-16.59,998.08,-3606.31,13592.08,-15767.76,73628.57,-27343.93,10065.81,2298513683.00,19999.00,20047.00,19951.00,19999.00,19999.00,-0.60,1015.72,179983.00,0.75
1782389783.482871,2026-06-25T12:16:23.482Z,-187.64,-16.84,997.96,-3663.19,13557.08,-15815.89,73628.60,-27343.94,10067.74,2298613677.00,19999.00,19999.00,19999.00,19999.00,19999.00,-0.60,1015.59,179983.00,0.75
1782389783.500346,2026-06-25T12:16:23.500Z,-187.88,-16.84,997.72,-3663.19,13530.83,-15754.64,73628.63,-27343.94,10069.66,2298714139.00,19999.00,20068.00,19930.00,19999.00,19999.00,-0.60,1015.39,179983.00,0.75
1782389783.515685,2026-06-25T12:16:23.515Z,-188.00,-17.20,997.72,-3580.06,13557.08,-15785.26,73628.66,-27343.95,10071.59,2298814344.00,19999.00,19999.00,19999.00,19999.00,19999.00,-0.60,1015.42,179983.00,0.75
1782389783.531207,2026-06-25T12:16:23.531Z,-187.88,-17.20,997.72,-3663.19,13526.45,-15815.89,73628.70,-27343.96,10073.51,2298913977.00,19999.00,19999.00,19999.00,19999.00,19999.00,-0.60,1015.40,179983.00,0.75
1782389784.52458,2026-06-25T12:16:24.524Z,-186.78,-16.84,997.84,-3781.31,13692.70,-15789.64,73628.73,-27343.96,10075.44,2299153348.00,155549.00,19999.00,19999.00,19999.00,20027.00,-0.59,1015.31,179983.00,0.75
1782389784.54107,2026-06-25T12:16:24.541Z,-186.78,-16.84,997.59,-3811.94,13727.70,-15780.89,73628.76,-27343.97,10077.37,2299253516.00,19971.00,19999.00,19999.00,19999.00,19999.00,-0.59,1015.07,181833.00,0.75
1782389784.557417,2026-06-25T12:16:24.557Z,-186.66,-17.08,997.72,-3720.06,13714.58,-15785.26,73628.79,-27343.97,10079.29,2299353511.00,20011.00,19988.00,19999.00,19999.00,19999.00,-0.59,1015.17,181833.00,0.75
1782389784.574075,2026-06-25T12:16:24.574Z,-186.66,-16.96,997.47,-3820.69,13710.20,-15780.89,73628.82,-27343.98,10081.22,2299453470.00,19999.00,20003.00,19995.00,19999.00,19999.00,-0.59,1014.93,181833.00,0.75
1782389784.590648,2026-06-25T12:16:24.590Z,-186.66,-16.84,997.59,-3750.69,13683.95,-15785.26,73628.85,-27343.98,10083.14,2299553593.00,19999.00,19999.00,19999.00,19999.00,20052.00,-0.59,1015.05,181833.00,0.75
1782389784.6087,2026-06-25T12:16:24.608Z,-186.66,-16.59,997.84,-3724.44,13666.45,-15789.64,73628.88,-27343.99,10085.07,2299653807.00,19947.00,19999.00,19999.00,19999.00,19999.00,-0.59,1015.28,181833.00,0.75
1782389784.623497,2026-06-25T12:16:24.623Z,-186.66,-16.47,997.84,-3794.44,13666.45,-15807.14,73628.91,-27343.99,10086.99,2299753637.00,19999.00,19999.00,19999.00,19999.00,19999.00,-0.59,1015.28,181833.00,0.75
1782389784.63979,2026-06-25T12:16:24.639Z,-186.66,-16.35,997.96,-3781.31,13714.58,-15767.76,73628.95,-27343.99,10088.92,2299854246.00,19999.00,19999.00,19999.00,19999.00,19999.00,-0.59,1015.40,181833.00,0.75
1782389784.65627,2026-06-25T12:16:24.656Z,-186.66,-16.59,998.08,-3838.19,13710.20,-15776.51,73628.98,-27343.99,10090.84,2299954109.00,19999.00,19999.00,19999.00,19999.00,19999.00,-0.59,1015.52,181833.00,0.75
1782389784.671339,2026-06-25T12:16:24.671Z,-186.54,-16.59,998.08,-3768.19,13688.33,-15789.64,73629.01,-27343.98,10092.77,2300054384.00,19999.00,19999.00,20008.00,19990.00,19999.00,-0.59,1015.50,181833.00,0.75
1782389785.664244,2026-06-25T12:16:25.664Z,-187.27,-16.59,997.72,-3833.81,13705.83,-15750.26,73629.04,-27343.98,10094.70,2300293167.00,155847.00,19999.00,19999.00,19999.00,19999.00,-0.60,1015.27,181833.00,0.75
1782389785.680381,2026-06-25T12:16:25.680Z,-187.39,-16.47,997.84,-3820.69,13683.95,-15776.51,73629.07,-27343.97,10096.62,2300393142.00,19999.00,19999.00,19999.00,19999.00,19999.00,-0.60,1015.42,176770.00,0.75
1782389785.696901,2026-06-25T12:16:25.696Z,-187.39,-16.59,997.72,-3803.19,13705.83,-15776.51,73629.10,-27343.97,10098.55,2300493739.00,19999.00,19999.00,19999.00,19999.00,19999.00,-0.60,1015.30,176770.00,0.75
1782389785.714913,2026-06-25T12:16:25.715Z,-187.39,-16.59,997.72,-3711.31,13653.33,-15767.76,73629.13,-27343.97,10100.48,2300593373.00,19999.00,19999.00,19999.00,19999.00,19999.00,-0.60,1015.30,176770.00,0.75
1782389785.729665,2026-06-25T12:16:25.729Z,-187.27,-16.35,997.96,-3816.31,13788.95,-15798.39,73629.16,-27343.97,10102.40,2300693576.00,19999.00,19999.00,19999.00,19999.00,19999.00,-0.60,1015.51,176770.00,0.75
1782389785.746143,2026-06-25T12:16:25.746Z,-187.39,-16.35,997.96,-3706.94,13714.58,-15754.64,73629.20,-27343.96,10104.33,2300793831.00,19999.00,19999.00,19999.00,19999.00,19999.00,-0.60,1015.53,176770.00,0.75
1782389785.762642,2026-06-25T12:16:25.762Z,-187.39,-16.47,997.72,-3930.06,13753.95,-15780.89,73629.22,-27343.96,10106.26,2300894085.00,19999.00,19999.00,19999.00,19999.00,19999.00,-0.60,1015.30,176770.00,0.75
1782389785.779145,2026-06-25T12:16:25.779Z,-187.51,-16.47,997.72,-3737.56,13666.45,-15772.14,73629.25,-27343.94,10108.19,2300993951.00,19999.00,19999.00,19999.00,19999.00,20031.00,-0.60,1015.32,176770.00,0.75
1782389785.795698,2026-06-25T12:16:25.795Z,-187.64,-16.59,997.72,-3864.44,13775.83,-15767.76,73629.28,-27343.93,10110.12,2301093905.00,19967.00,19999.00,19999.00,19999.00,20059.00,-0.60,1015.34,176770.00,0.75
1782389785.81121,2026-06-25T12:16:25.811Z,-187.64,-16.59,997.59,-3781.31,13688.33,-15772.14,73629.30,-27343.92,10112.06,2301194063.00,19940.00,19999.00,19999.00,19999.00,19999.00,-0.60,1015.22,176770.00,0.75
1782389786.804187,2026-06-25T12:16:26.804Z,-187.51,-16.96,998.20,-3020.06,13167.70,-15811.51,73629.34,-27343.89,10114.00,2301433421.00,155600.00,19997.00,19999.00,19999.00,19999.00,-0.60,1015.81,176770.00,0.75
1782389786.820151,2026-06-25T12:16:26.820Z,-187.15,-16.59,997.84,-4218.81,13858.95,-15776.51,73629.36,-27343.87,10115.93,2301533329.00,19999.00,19999.00,19999.00,19999.00,20001.00,-0.59,1015.37,184392.00,0.75
1782389786.836872,2026-06-25T12:16:26.836Z,-187.15,-16.59,998.33,-3243.19,13377.70,-15829.01,73629.39,-27343.85,10117.87,2301633269.00,19998.00,19999.00,19999.00,19999.00,19999.00,-0.59,1015.85,184392.00,0.75
1782389786.853311,2026-06-25T12:16:26.853Z,-186.90,-16.59,998.33,-3798.81,13683.95,-15807.14,73629.41,-27343.84,10119.80,2301733373.00,19999.00,20029.00,19969.00,19999.00,19999.00,-0.59,1015.81,184392.00,0.75
1782389786.86974,2026-06-25T12:16:26.869Z,-187.15,-16.84,998.08,-3475.06,13443.33,-15807.14,73629.44,-27343.82,10121.74,2301833712.00,19999.00,19999.00,19999.00,19999.00,19999.00,-0.59,1015.62,184392.00,0.75
1782389786.886745,2026-06-25T12:16:26.886Z,-187.27,-16.71,998.94,-3282.56,13390.83,-15763.39,73629.46,-27343.80,10123.67,2301933802.00,19999.00,19999.00,19999.00,19999.00,19999.00,-0.59,1016.48,184392.00,0.75
1782389786.902816,2026-06-25T12:16:26.902Z,-187.03,-16.47,998.20,-4091.94,13823.95,-15785.26,73629.48,-27343.79,10125.60,2302033943.00,19999.00,19999.00,19999.00,20001.00,19997.00,-0.59,1015.71,184392.00,0.75
1782389786.91913,2026-06-25T12:16:26.919Z,-187.15,-16.84,998.45,-3155.69,13316.45,-15811.51,73629.50,-27343.77,10127.54,2302134153.00,19999.00,19999.00,19999.00,19999.00,20010.00,-0.59,1015.98,184392.00,0.75
1782389786.93562,2026-06-25T12:16:26.935Z,-187.15,-17.20,997.84,-3934.44,13688.33,-15785.26,73629.52,-27343.74,10129.48,2302234169.00,19989.00,19999.00,19999.00,19999.00,19999.00,-0.59,1015.38,184392.00,0.75
1782389786.950979,2026-06-25T12:16:26.951Z,-187.15,-17.32,997.84,-3531.94,13500.20,-15785.26,73629.53,-27343.72,10131.42,2302333944.00,19999.00,19999.00,19999.00,19999.00,19999.00,-0.59,1015.38,184392.00,0.75
1782389787.945005,2026-06-25T12:16:27.945Z,-186.90,-16.96,997.23,-3995.69,13850.20,-15754.64,73629.55,-27343.70,10133.36,2302573473.00,155406.00,19999.00,19999.00,19999.00,19999.00,-0.59,1014.73,184392.00,0.75
1782389787.961353,2026-06-25T12:16:27.961Z,-186.90,-16.71,996.98,-3829.44,13767.08,-15837.76,73629.57,-27343.69,10135.29,2302673408.00,19999.00,19999.00,19999.00,19999.00,19999.00,-0.59,1014.49,180347.00,0.75
1782389787.977846,2026-06-25T12:16:27.978Z,-186.90,-16.84,996.74,-3912.56,13828.33,-15776.51,73629.59,-27343.67,10137.23,2302773375.00,19999.00,19999.00,20029.00,19970.00,19999.00,-0.59,1014.25,180347.00,0.75
1782389787.994181,2026-06-25T12:16:27.994Z,-186.78,-16.96,996.50,-3864.44,13788.95,-15745.89,73629.59,-27343.66,10139.16,2302873339.00,19999.00,19999.00,19999.00,19999.00,19999.00,-0.59,1013.99,180347.00,0.75
1782389788.010453,2026-06-25T12:16:28.010Z,-186.66,-17.08,996.62,-3921.31,13802.08,-15767.76,73629.61,-27343.64,10141.09,2302973514.00,19999.00,19999.00,19999.00,19999.00,19999.00,-0.59,1014.09,180347.00,0.75
1782389788.02692,2026-06-25T12:16:28.027Z,-186.78,-16.96,996.62,-3820.69,13740.83,-15789.64,73629.61,-27343.63,10143.03,2303073550.00,19999.00,19999.00,20003.00,19995.00,19999.00,-0.59,1014.11,180347.00,0.75
1782389788.043506,2026-06-25T12:16:28.043Z,-186.78,-17.08,996.50,-3951.94,13832.70,-15780.89,73629.63,-27343.61,10144.97,2303174002.00,19999.00,19999.00,20016.00,19983.00,19999.00,-0.59,1013.99,180347.00,0.75
1782389788.060091,2026-06-25T12:16:28.060Z,-186.78,-16.96,996.50,-3890.69,13823.95,-15772.14,73629.63,-27343.59,10146.91,2303273776.00,19999.00,19999.00,19999.00,19999.00,19999.00,-0.59,1013.99,180347.00,0.75
1782389788.0763,2026-06-25T12:16:28.076Z,-186.90,-16.71,996.86,-3886.31,13788.95,-15745.89,73629.65,-27343.57,10148.85,2303373867.00,19999.00,19999.00,19999.00,19999.00,19999.00,-0.59,1014.37,180347.00,0.75
1782389788.091554,2026-06-25T12:16:28.091Z,-187.03,-16.71,996.98,-3890.69,13788.95,-15794.01,73629.65,-27343.55,10150.79,2303474346.00,19999.00,19999.00,19999.00,19999.00,19999.00,-0.59,1014.51,180347.00,0.75
1782389789.084432,2026-06-25T12:16:29.084Z,-187.76,-17.20,996.86,-3623.81,13539.58,-15794.01,73629.66,-27343.53,10152.73,2303713313.00,156045.00,19999.00,19999.00,19999.00,19999.00,-0.60,1014.54,180347.00,0.75
1782389789.101365,2026-06-25T12:16:29.101Z,-187.64,-16.96,996.86,-3632.56,13513.33,-15772.14,73629.66,-27343.51,10154.67,2303813142.00,19999.00,19999.00,19999.00,19999.00,19999.00,-0.60,1014.51,181662.00,0.75
1782389789.117225,2026-06-25T12:16:29.117Z,-187.51,-17.08,996.98,-3584.44,13522.08,-15811.51,73629.67,-27343.48,10156.62,2303913682.00,19999.00,19999.00,19999.00,19999.00,20009.00,-0.60,1014.61,181662.00,0.75
1782389789.134161,2026-06-25T12:16:29.134Z,-187.64,-16.84,996.98,-3654.44,13583.33,-15807.14,73629.68,-27343.46,10158.56,2304013788.00,19990.00,19999.00,19999.00,19999.00,19999.00,-0.60,1014.63,181662.00,0.75
1782389789.150416,2026-06-25T12:16:29.150Z,-187.64,-16.84,997.23,-3566.94,13552.70,-15785.26,73629.69,-27343.44,10160.50,2304113809.00,20041.00,19957.00,19999.00,19999.00,19999.00,-0.60,1014.87,181662.00,0.75
1782389789.16669,2026-06-25T12:16:29.166Z,-187.76,-16.84,997.47,-3654.44,13557.08,-15767.76,73629.69,-27343.41,10162.45,2304213686.00,19999.00,19999.00,19999.00,20016.00,19983.00,-0.60,1015.13,181662.00,0.75
1782389789.183192,2026-06-25T12:16:29.183Z,-187.76,-16.84,997.35,-3566.94,13530.83,-15789.64,73629.70,-27343.38,10164.39,2304313783.00,19999.00,19999.00,19999.00,19999.00,19999.00,-0.60,1015.01,181662.00,0.75
1782389789.199823,2026-06-25T12:16:29.199Z,-187.88,-16.96,997.59,-3606.31,13548.33,-15759.01,73629.70,-27343.36,10166.33,2304413744.00,19999.00,20017.00,19982.00,19999.00,19999.00,-0.60,1015.27,181662.00,0.75
1782389789.216179,2026-06-25T12:16:29.216Z,-187.88,-17.08,997.47,-3558.19,13530.83,-15789.64,73629.70,-27343.34,10168.28,2304514256.00,20024.00,19975.00,19999.00,19999.00,20005.00,-0.60,1015.16,181662.00,0.75
1782389789.231409,2026-06-25T12:16:29.231Z,-187.76,-17.20,997.35,-3641.31,13508.95,-15824.64,73629.70,-27343.32,10170.22,2304614072.00,19993.00,19999.00,19999.00,19999.00,19999.00,-0.60,1015.02,181662.00,0.75
1782389790.224862,2026-06-25T12:16:30.225Z,-186.90,-16.96,997.23,-3785.69,13710.20,-15798.39,73629.70,-27343.29,10172.17,2304853310.00,155721.00,20000.00,19999.00,19999.00,19999.00,-0.59,1014.73,181662.00,0.75
1782389790.241383,2026-06-25T12:16:30.241Z,-186.90,-17.08,997.11,-3798.81,13714.58,-15798.39,73629.70,-27343.27,10174.12,2304953173.00,19999.00,19999.00,19999.00,19999.00,19999.00,-0.59,1014.62,179414.00,0.75
1782389790.257506,2026-06-25T12:16:30.257Z,-186.66,-16.96,997.11,-3750.69,13701.45,-15807.14,73629.70,-27343.24,10176.07,2305053271.00,19999.00,19999.00,19999.00,19999.00,19999.00,-0.59,1014.57,179414.00,0.75
1782389790.274577,2026-06-25T12:16:30.274Z,-186.66,-17.08,996.98,-3711.31,13644.58,-15767.76,73629.70,-27343.22,10178.01,2305153339.00,20001.00,19998.00,19999.00,19999.00,19999.00,-0.59,1014.45,179414.00,0.75
1782389790.29055,2026-06-25T12:16:30.290Z,-186.78,-17.32,996.74,-3750.69,13697.08,-15776.51,73629.70,-27343.20,10179.96,2305253471.00,19999.00,19999.00,19999.00,19999.00,19999.00,-0.59,1014.24,179414.00,0.75
1782389790.307282,2026-06-25T12:16:30.307Z,-186.66,-17.81,996.01,-3733.19,13666.45,-15772.14,73629.70,-27343.17,10181.91,2305353655.00,19999.00,19999.00,20012.00,19987.00,19999.00,-0.59,1013.50,179414.00,0.75
1782389790.323259,2026-06-25T12:16:30.323Z,-186.66,-18.30,995.40,-3755.06,13714.58,-15785.26,73629.69,-27343.15,10183.86,2305454076.00,19999.00,19999.00,19999.00,19999.00,19999.00,-0.59,1012.91,179414.00,0.75
1782389790.339798,2026-06-25T12:16:30.339Z,-186.78,-18.54,994.79,-3724.44,13666.45,-15820.26,73629.67,-27343.13,10185.81,2305553775.00,19999.00,19999.00,19999.00,19999.00,19999.00,-0.60,1012.34,179414.00,0.75
1782389790.356517,2026-06-25T12:16:30.356Z,-186.66,-18.18,995.15,-3785.69,13697.08,-15785.26,73629.66,-27343.11,10187.76,2305653942.00,19999.00,19999.00,19999.00,19999.00,19999.00,-0.59,1012.67,179414.00,0.75
1782389790.371934,2026-06-25T12:16:30.372Z,-186.42,-17.81,995.76,-3772.56,13705.83,-15763.39,73629.66,-27343.08,10189.71,2305754443.00,19999.00,19999.00,19999.00,19999.00,19999.00,-0.59,1013.22,179414.00,0.75
1782389791.364484,2026-06-25T12:16:31.364Z,-187.64,-17.81,995.40,-3768.19,13666.45,-15807.14,73629.65,-27343.07,10191.66,2305993374.00,156023.00,19999.00,20012.00,19986.00,19999.00,-0.60,1013.09,179414.00,0.75
1782389791.381345,2026-06-25T12:16:31.381Z,-187.64,-17.57,995.64,-3807.56,13692.70,-15767.76,73629.63,-27343.04,10193.61,2306093239.00,19999.00,19999.00,19999.00,19999.00,20004.00,-0.60,1013.32,179414.00,0.75
1782389791.397272,2026-06-25T12:16:31.397Z,-187.64,-17.32,995.89,-3768.19,13683.95,-15815.89,73629.62,-27343.03,10195.56,2306193239.00,19994.00,19999.00,20001.00,19998.00,19999.00,-0.60,1013.56,185894.00,0.75
1782389791.414008,2026-06-25T12:16:31.414Z,-187.39,-17.20,996.25,-3877.56,13727.70,-15807.14,73629.60,-27343.01,10197.51,2306293524.00,19999.00,19999.00,19999.00,19999.00,19999.00,-0.60,1013.87,185894.00,0.75
1782389791.430497,2026-06-25T12:16:31.430Z,-187.51,-17.20,996.13,-3728.81,13727.70,-15767.76,73629.59,-27343.00,10199.46,2306393709.00,19999.00,20032.00,19966.00,19999.00,19999.00,-0.60,1013.77,185894.00,0.75
1782389791.446811,2026-06-25T12:16:31.446Z,-187.51,-17.32,996.25,-3820.69,13758.33,-15798.39,73629.57,-27342.98,10201.41,2306494042.00,19999.00,19999.00,19999.00,19999.00,19999.00,-0.60,1013.89,185894.00,0.75
1782389791.463078,2026-06-25T12:16:31.463Z,-187.51,-17.08,996.50,-3785.69,13705.83,-15785.26,73629.55,-27342.96,10203.36,2306593786.00,20073.00,19925.00,19999.00,19999.00,20000.00,-0.60,1014.13,185894.00,0.75
1782389791.479546,2026-06-25T12:16:31.479Z,-187.51,-17.08,996.62,-3781.31,13718.95,-15780.89,73629.54,-27342.94,10205.31,2306693744.00,19999.00,19999.00,19999.00,19999.00,19999.00,-0.60,1014.25,185894.00,0.75
1782389791.496053,2026-06-25T12:16:31.496Z,-187.51,-16.84,996.74,-3772.56,13657.70,-15794.01,73629.52,-27342.93,10207.26,2306794111.00,19999.00,19999.00,19999.00,19999.00,19999.00,-0.60,1014.36,185894.00,0.75
1782389791.511335,2026-06-25T12:16:31.511Z,-187.51,-16.84,996.86,-3798.81,13679.58,-15767.76,73629.51,-27342.92,10209.22,2306894175.00,20004.00,19995.00,19999.00,19999.00,19999.00,-0.60,1014.48,185894.00,0.75
1782389792.504439,2026-06-25T12:16:32.504Z,-187.15,-17.20,997.23,-3597.56,13592.08,-15811.51,73629.50,-27342.90,10211.17,2307133332.00,155711.00,19999.00,19999.00,19999.00,19999.00,-0.60,1014.78,185894.00,0.75
1782389792.521052,2026-06-25T12:16:32.521Z,-187.15,-17.08,997.23,-3667.56,13543.95,-15780.89,73629.49,-27342.88,10213.13,2307233541.00,19999.00,19999.00,19999.00,19999.00,19999.00,-0.60,1014.78,182949.00,0.75
1782389792.537177,2026-06-25T12:16:32.537Z,-187.15,-17.20,997.35,-3623.81,13587.70,-15811.51,73629.48,-27342.85,10215.08,2307333371.00,19999.00,20041.00,19957.00,19999.00,19999.00,-0.60,1014.90,182949.00,0.75
1782389792.553571,2026-06-25T12:16:32.553Z,-187.51,-17.08,997.35,-3593.19,13513.33,-15794.01,73629.48,-27342.83,10217.04,2307433466.00,19999.00,19999.00,19999.00,19999.00,19999.00,-0.60,1014.97,182949.00,0.75
1782389792.570102,2026-06-25T12:16:32.570Z,-187.39,-17.08,997.47,-3606.31,13530.83,-15811.51,73629.47,-27342.81,10219.00,2307533547.00,19999.00,19999.00,19999.00,20041.00,19977.00,-0.60,1015.07,182949.00,0.75
1782389792.586598,2026-06-25T12:16:32.586Z,-187.39,-17.08,997.23,-3615.06,13552.70,-15824.64,73629.45,-27342.80,10220.96,2307633684.00,19980.00,20064.00,19935.00,19999.00,19999.00,-0.60,1014.83,182949.00,0.75
1782389792.606122,2026-06-25T12:16:32.606Z,-187.15,-17.20,997.11,-3645.69,13517.70,-15829.01,73629.43,-27342.78,10222.91,2307733643.00,19999.00,19999.00,19999.00,19999.00,19999.00,-0.60,1014.66,182949.00,0.75
1782389792.61922,2026-06-25T12:16:32.619Z,-187.15,-17.08,997.11,-3588.81,13530.83,-15811.51,73629.41,-27342.76,10224.87,2307834149.00,19999.00,19999.00,19999.00,19999.00,19999.00,-0.60,1014.66,182949.00,0.75
1782389792.635799,2026-06-25T12:16:32.635Z,-187.15,-16.84,997.23,-3632.56,13539.58,-15815.89,73629.39,-27342.75,10226.83,2307934343.00,19999.00,19999.00,19999.00,20003.00,19995.00,-0.60,1014.78,182949.00,0.75
1782389792.651137,2026-06-25T12:16:32.651Z,-187.15,-17.08,997.35,-3654.44,13596.45,-15811.51,73629.38,-27342.73,10228.78,2308033974.00,19999.00,19999.00,19999.00,19999.00,19999.00,-0.60,1014.90,182949.00,0.75
1782389793.644683,2026-06-25T12:16:33.644Z,-186.90,-16.71,997.11,-3873.19,13767.08,-15780.89,73629.34,-27342.72,10230.74,2308273329.00,155431.00,19923.00,19995.00,19999.00,19999.00,-0.59,1014.61,182949.00,0.75
1782389793.661248,2026-06-25T12:16:33.661Z,-187.15,-16.71,997.23,-3877.56,13837.08,-15785.26,73629.31,-27342.72,10232.69,2308373563.00,19999.00,19999.00,19999.00,19999.00,19999.00,-0.60,1014.77,182949.00,0.75
1782389793.677697,2026-06-25T12:16:33.677Z,-187.03,-17.08,997.23,-3903.81,13823.95,-15767.76,73629.28,-27342.71,10234.64,2308473311.00,19999.00,19999.00,19999.00,19999.00,20040.00,-0.59,1014.76,189366.00,0.75
1782389793.694217,2026-06-25T12:16:33.694Z,-186.78,-16.96,997.23,-3842.56,13775.83,-15798.39,73629.25,-27342.71,10236.60,2308573373.00,19958.00,19999.00,19999.00,20003.00,19995.00,-0.59,1014.71,189366.00,0.75
1782389793.710351,2026-06-25T12:16:33.710Z,-186.66,-16.71,997.11,-3908.19,13762.70,-15767.76,73629.22,-27342.71,10238.55,2308673956.00,19999.00,19999.00,19999.00,19999.00,19999.00,-0.59,1014.56,189366.00,0.75
1782389793.726834,2026-06-25T12:16:33.726Z,-186.78,-16.84,996.98,-3860.06,13784.58,-15772.14,73629.19,-27342.70,10240.50,2308773543.00,19999.00,19999.00,19999.00,19999.00,19999.00,-0.59,1014.47,189366.00,0.75
1782389793.743335,2026-06-25T12:16:33.743Z,-186.90,-17.08,996.74,-3903.81,13802.08,-15794.01,73629.16,-27342.70,10242.45,2308873644.00,19999.00,19999.00,20035.00,19963.00,19999.00,-0.59,1014.26,189366.00,0.75
1782389793.759726,2026-06-25T12:16:33.759Z,-187.15,-17.08,996.62,-3860.06,13767.08,-15798.39,73629.13,-27342.69,10244.41,2308973844.00,20010.00,19988.00,19999.00,19999.00,19999.00,-0.60,1014.18,189366.00,0.75
1782389793.776147,2026-06-25T12:16:33.776Z,-187.15,-16.96,996.62,-3868.81,13837.08,-15780.89,73629.09,-27342.69,10246.36,2309074116.00,19999.00,19999.00,19999.00,19999.00,19999.00,-0.60,1014.18,189366.00,0.75
1782389793.791515,2026-06-25T12:16:33.791Z,-187.27,-16.96,996.62,-3895.06,13775.83,-15780.89,73629.06,-27342.69,10248.31,2309174436.00,19999.00,19999.00,19999.00,19999.00,19999.00,-0.60,1014.20,189366.00,0.75
1782389794.784269,2026-06-25T12:16:34.784Z,-187.64,-17.08,996.86,-3628.19,13574.58,-15767.76,73629.04,-27342.69,10250.26,2309413328.00,156005.00,19999.00,20080.00,19919.00,19999.00,-0.60,1014.51,189366.00,0.75
1782389794.800681,2026-06-25T12:16:34.800Z,-187.64,-17.32,996.50,-3615.06,13539.58,-15794.01,73629.02,-27342.68,10252.22,2309513147.00,19999.00,20004.00,19994.00,19999.00,20000.00,-0.60,1014.16,172262.00,0.75
1782389794.817079,2026-06-25T12:16:34.817Z,-187.64,-17.45,996.37,-3615.06,13605.20,-15789.64,73629.00,-27342.68,10254.18,2309613513.00,19999.00,19999.00,20033.00,19966.00,19999.00,-0.60,1014.04,172262.00,0.75
1782389794.833561,2026-06-25T12:16:34.833Z,-187.76,-17.57,996.25,-3632.56,13578.95,-15798.39,73628.98,-27342.67,10256.13,2309713723.00,19999.00,19999.00,19999.00,19999.00,19999.00,-0.60,1013.94,172262.00,0.75
1782389794.850078,2026-06-25T12:16:34.850Z,-187.64,-17.57,996.01,-3650.06,13552.70,-15794.01,73628.95,-27342.66,10258.09,2309813744.00,19999.00,19999.00,19999.00,20030.00,19969.00,-0.60,1013.68,172262.00,0.75
1782389794.866524,2026-06-25T12:16:34.866Z,-187.64,-17.69,995.76,-3676.31,13539.58,-15802.76,73628.93,-27342.66,10260.05,2309913595.00,19999.00,19999.00,19999.00,19999.00,19999.00,-0.60,1013.44,172262.00,0.75
1782389794.882945,2026-06-25T12:16:34.883Z,-187.64,-17.57,996.01,-3623.81,13513.33,-15811.51,73628.91,-27342.66,10262.00,2310013675.00,19999.00,19999.00,19999.00,19999.00,19999.00,-0.60,1013.68,172262.00,0.75
1782389794.899435,2026-06-25T12:16:34.899Z,-187.64,-17.45,996.01,-3588.81,13526.45,-15837.76,73628.88,-27342.66,10263.96,2310114207.00,19999.00,19999.00,19999.00,19999.00,19999.00,-0.60,1013.68,172262.00,0.75
1782389794.915851,2026-06-25T12:16:34.915Z,-187.51,-17.32,996.13,-3654.44,13578.95,-15767.76,73628.86,-27342.66,10265.91,2310213977.00,19999.00,19999.00,19999.00,19999.00,19999.00,-0.60,1013.77,172262.00,0.75
1782389794.931152,2026-06-25T12:16:34.931Z,-187.64,-17.45,996.37,-3654.44,13487.08,-15807.14,73628.84,-27342.66,10267.87,2310313976.00,19999.00,19999.00,19999.00,19999.00,19999.00,-0.60,1014.04,172262.00,0.75
1782389795.924355,2026-06-25T12:16:35.924Z,-186.90,-17.08,996.62,-3798.81,13727.70,-15789.64,73628.80,-27342.66,10269.82,2310553432.00,155627.00,19999.00,19999.00,19999.00,19999.00,-0.59,1014.14,172262.00,0.75
1782389795.940789,2026-06-25T12:16:35.940Z,-186.66,-17.08,996.50,-3798.81,13723.33,-15785.26,73628.78,-27342.66,10271.77,2310653410.00,19999.00,19999.00,19999.00,19999.00,19999.00,-0.59,1013.97,173709.00,0.75
1782389795.957192,2026-06-25T12:16:35.957Z,-186.66,-17.08,996.62,-3746.31,13666.45,-15789.64,73628.76,-27342.66,10273.73,2310753274.00,19999.00,19999.00,19999.00,19999.00,19999.00,-0.59,1014.09,173709.00,0.75
1782389795.973615,2026-06-25T12:16:35.973Z,-186.66,-17.08,996.50,-3711.31,13653.33,-15776.51,73628.73,-27342.67,10275.68,2310853672.00,19999.00,19999.00,19999.00,19999.00,20025.00,-0.59,1013.97,173709.00,0.75
1782389795.990102,2026-06-25T12:16:35.990Z,-186.66,-16.96,996.62,-3759.44,13697.08,-15802.76,73628.71,-27342.68,10277.63,2310953543.00,19973.00,19999.00,19999.00,19999.00,19999.00,-0.59,1014.09,173709.00,0.75
1782389796.006506,2026-06-25T12:16:36.006Z,-186.54,-16.96,996.62,-3759.44,13705.83,-15789.64,73628.69,-27342.69,10279.58,2311053823.00,19999.00,19999.00,19999.00,19999.00,19999.00,-0.59,1014.07,173709.00,0.75
1782389796.023011,2026-06-25T12:16:36.023Z,-186.54,-17.08,996.86,-3755.06,13657.70,-15785.26,73628.66,-27342.69,10281.53,2311153673.00,20026.00,19973.00,19999.00,20007.00,19992.00,-0.59,1014.31,173709.00,0.75
1782389796.039347,2026-06-25T12:16:36.039Z,-186.66,-16.96,996.74,-3781.31,13701.45,-15798.39,73628.65,-27342.70,10283.48,2311253883.00,19999.00,19999.00,19999.00,19999.00,19999.00,-0.59,1014.21,173709.00,0.75
1782389796.055885,2026-06-25T12:16:36.055Z,-186.66,-16.96,996.74,-3798.81,13736.45,-15802.76,73628.63,-27342.71,10285.43,2311354061.00,19999.00,19999.00,19999.00,19999.00,19999.00,-0.59,1014.21,173709.00,0.75
1782389796.071151,2026-06-25T12:16:36.071Z,-186.66,-17.20,996.86,-3803.19,13714.58,-15780.89,73628.62,-27342.72,10287.38,2311454181.00,19999.00,19999.00,19999.00,19999.00,19999.00,-0.59,1014.33,173709.00,0.75
1782389797.064127,2026-06-25T12:16:37.064Z,-187.64,-17.32,996.50,-3781.31,13692.70,-15780.89,73628.60,-27342.73,10289.33,2311693466.00,155648.00,19999.00,19999.00,19999.00,19999.00,-0.60,1014.16,173709.00,0.75
1782389797.080369,2026-06-25T12:16:37.080Z,-187.76,-17.32,996.37,-3759.44,13675.20,-15798.39,73628.59,-27342.75,10291.27,2311793536.00,19999.00,19999.00,19999.00,19999.00,19999.00,-0.60,1014.06,173200.00,0.75
1782389797.097251,2026-06-25T12:16:37.097Z,-187.64,-17.32,996.50,-3868.81,13775.83,-15763.39,73628.56,-27342.76,10293.22,2311893266.00,19999.00,19999.00,19999.00,19999.00,19999.00,-0.60,1014.16,173200.00,0.75
1782389797.113647,2026-06-25T12:16:37.113Z,-187.64,-17.20,996.50,-3820.69,13718.95,-15802.76,73628.55,-27342.77,10295.17,2311993565.00,19999.00,20074.00,19924.00,20021.00,19978.00,-0.60,1014.15,173200.00,0.75
1782389797.13045,2026-06-25T12:16:37.130Z,-187.39,-17.08,996.50,-3798.81,13745.20,-15785.26,73628.53,-27342.79,10297.11,2312093841.00,19999.00,19999.00,19999.00,19999.00,19999.00,-0.60,1014.11,173200.00,0.75
1782389797.146523,2026-06-25T12:16:37.146Z,-187.39,-17.20,996.50,-3807.56,13745.20,-15780.89,73628.52,-27342.79,10299.06,2312193943.00,19999.00,19999.00,19999.00,19999.00,19999.00,-0.60,1014.11,173200.00,0.75
1782389797.162887,2026-06-25T12:16:37.162Z,-187.51,-17.20,996.62,-3750.69,13683.95,-15763.39,73628.50,-27342.81,10301.01,2312293679.00,19999.00,19999.00,19999.00,19999.00,19999.00,-0.60,1014.25,173200.00,0.75
1782389797.179419,2026-06-25T12:16:37.179Z,-187.51,-17.45,996.37,-3750.69,13683.95,-15794.01,73628.48,-27342.82,10302.95,2312394232.00,19999.00,19999.00,19999.00,19999.00,19999.00,-0.60,1014.02,173200.00,0.75
1782389797.195733,2026-06-25T12:16:37.195Z,-187.39,-17.57,996.25,-3781.31,13718.95,-15737.14,73628.47,-27342.84,10304.89,2312493878.00,19999.00,19999.00,19999.00,19999.00,19999.00,-0.60,1013.87,173200.00,0.75
1782389797.211114,2026-06-25T12:16:37.211Z,-187.51,-17.69,996.01,-3728.81,13627.08,-15780.89,73628.45,-27342.85,10306.83,2312594139.00,19999.00,19999.00,19999.00,19999.00,19999.00,-0.60,1013.66,173200.00,0.75
1782389798.184227,2026-06-25T12:16:38.184Z,-188.12,-17.45,996.13,-3610.69,13557.08,-15780.89,73628.45,-27342.86,10308.78,2312813413.00,155596.00,825.00,20027.00,19968.00,19999.00,-0.61,1013.89,173200.00,0.75
1782389798.200861,2026-06-25T12:16:38.200Z,-187.88,-17.20,996.37,-3641.31,13596.45,-15785.26,73628.34,-27342.76,10310.27,2312913261.00,19999.00,19999.00,19999.00,19999.00,19999.00,-0.60,1014.08,173200.00,0.75
1782389798.217212,2026-06-25T12:16:38.217Z,-187.88,-16.96,996.74,-3654.44,13543.95,-15789.64,73628.33,-27342.77,10312.21,2313013380.00,19999.00,19999.00,19999.00,19999.00,19999.00,-0.60,1014.43,173953.00,0.75
1782389798.233653,2026-06-25T12:16:38.233Z,-187.76,-16.84,996.86,-3636.94,13570.20,-15767.76,73628.32,-27342.78,10314.16,2313113474.00,19999.00,20036.00,19962.00,19999.00,19999.00,-0.60,1014.53,173953.00,0.75
1782389798.250136,2026-06-25T12:16:38.250Z,-187.76,-16.71,997.23,-3636.94,13508.95,-15772.14,73628.31,-27342.80,10316.10,2313213467.00,20015.00,19983.00,20031.00,19968.00,19999.00,-0.60,1014.89,173953.00,0.75
1782389798.266744,2026-06-25T12:16:38.266Z,-187.51,-16.84,997.35,-3632.56,13522.08,-15776.51,73628.30,-27342.82,10318.05,2313313622.00,19999.00,19999.00,19999.00,19999.00,20047.00,-0.60,1014.96,173953.00,0.75
1782389798.282981,2026-06-25T12:16:38.283Z,-187.64,-17.08,997.35,-3597.56,13504.58,-15789.64,73628.29,-27342.83,10319.99,2313414040.00,19952.00,19999.00,19999.00,19999.00,19999.00,-0.60,1014.99,173953.00,0.75
1782389798.299518,2026-06-25T12:16:38.299Z,-187.51,-17.08,997.23,-3601.94,13587.70,-15772.14,73628.28,-27342.85,10321.94,2313513772.00,19999.00,19999.00,19999.00,19999.00,19999.00,-0.60,1014.85,173953.00,0.75
1782389798.315937,2026-06-25T12:16:38.316Z,-187.76,-17.08,997.11,-3693.81,13600.83,-15767.76,73628.27,-27342.87,10323.88,2313614240.00,19999.00,19999.00,19999.00,19999.00,19999.00,-0.60,1014.77,173953.00,0.75
1782389798.331103,2026-06-25T12:16:38.331Z,-187.51,-17.08,996.98,-3610.69,13570.20,-15807.14,73628.27,-27342.88,10325.82,2313714083.00,19999.00,19999.00,19999.00,19999.00,20005.00,-0.60,1014.61,173953.00,0.75
1782389799.305024,2026-06-25T12:16:39.305Z,-187.15,-16.96,997.35,-3615.06,13530.83,-15776.51,73628.27,-27342.89,10327.77,2313933068.00,155711.00,3209.00,19999.00,19999.00,19999.00,-0.60,1014.90,173953.00,0.75
1782389799.320993,2026-06-25T12:16:39.321Z,-187.15,-16.59,997.47,-3606.31,13539.58,-15802.76,73628.16,-27342.81,10329.31,2314033333.00,19999.00,19999.00,19999.00,19999.00,20000.00,-0.60,1015.01,173953.00,0.75
1782389799.337602,2026-06-25T12:16:39.337Z,-187.03,-16.47,997.72,-3636.94,13570.20,-15785.26,73628.15,-27342.83,10331.25,2314133670.00,19998.00,19999.00,20022.00,19977.00,20025.00,-0.59,1015.23,173332.00,0.75
1782389799.353889,2026-06-25T12:16:39.354Z,-187.03,-16.47,997.72,-3636.94,13535.20,-15802.76,73628.14,-27342.85,10333.20,2314233809.00,20013.00,19959.00,19999.00,19999.00,19999.00,-0.59,1015.23,173332.00,0.75
1782389799.37053,2026-06-25T12:16:39.370Z,-186.90,-16.71,997.72,-3645.69,13561.45,-15811.51,73628.13,-27342.87,10335.14,2314333711.00,19999.00,19999.00,19999.00,19999.00,19999.00,-0.59,1015.21,173332.00,0.75
1782389799.38689,2026-06-25T12:16:39.386Z,-186.90,-16.59,997.84,-3658.81,13552.70,-15789.64,73628.13,-27342.89,10337.09,2314433895.00,19999.00,19999.00,19999.00,20012.00,19987.00,-0.59,1015.33,173332.00,0.75
1782389799.403474,2026-06-25T12:16:39.403Z,-187.15,-16.71,997.84,-3580.06,13600.83,-15767.76,73628.13,-27342.91,10339.03,2314533710.00,19999.00,19999.00,19999.00,19999.00,19999.00,-0.59,1015.37,173332.00,0.75
1782389799.419665,2026-06-25T12:16:39.419Z,-187.27,-16.71,997.96,-3588.81,13526.45,-15785.26,73628.13,-27342.93,10340.97,2314633743.00,19999.00,19999.00,19999.00,19999.00,19999.00,-0.60,1015.52,173332.00,0.75
1782389799.436099,2026-06-25T12:16:39.436Z,-187.15,-16.71,998.08,-3628.19,13561.45,-15789.64,73628.13,-27342.95,10342.91,2314734102.00,19999.00,19999.00,19999.00,19999.00,19999.00,-0.59,1015.61,173332.00,0.75
1782389799.451369,2026-06-25T12:16:39.451Z,-187.15,-16.59,998.20,-3593.19,13578.95,-15776.51,73628.13,-27342.97,10344.85,2314834413.00,19999.00,19999.00,19999.00,19999.00,19999.00,-0.59,1015.73,173332.00,0.75
1782389800.424398,2026-06-25T12:16:40.424Z,-186.66,-16.47,998.20,-3724.44,13697.08,-15802.76,73628.13,-27342.99,10346.79,2315053405.00,156033.00,2891.00,20005.00,19993.00,19999.00,-0.59,1015.64,173332.00,0.75
1782389800.440877,2026-06-25T12:16:40.440Z,-186.78,-16.47,998.08,-3755.06,13688.33,-15767.76,73628.01,-27342.92,10348.31,2315153299.00,19999.00,19999.00,19999.00,19999.00,19999.00,-0.59,1015.54,173332.00,0.75
1782389800.45741,2026-06-25T12:16:40.457Z,-186.78,-16.47,997.84,-3785.69,13692.70,-15829.01,73627.99,-27342.95,10350.25,2315253412.00,20004.00,19995.00,19999.00,19999.00,19999.00,-0.59,1015.30,173023.00,0.75
1782389800.473906,2026-06-25T12:16:40.474Z,-186.66,-16.59,997.84,-3842.56,13710.20,-15798.39,73627.99,-27342.97,10352.19,2315353615.00,19999.00,19999.00,19999.00,19999.00,19999.00,-0.59,1015.28,173023.00,0.75
1782389800.490432,2026-06-25T12:16:40.490Z,-186.78,-16.59,998.08,-3785.69,13710.20,-15780.89,73627.99,-27343.00,10354.12,2315453553.00,19999.00,19999.00,19999.00,19999.00,19999.00,-0.59,1015.54,173023.00,0.75
1782389800.506882,2026-06-25T12:16:40.506Z,-186.78,-16.59,998.20,-3720.06,13653.33,-15824.64,73627.98,-27343.02,10356.06,2315553955.00,19999.00,19999.00,19999.00,19999.00,19999.00,-0.59,1015.66,173023.00,0.75
1782389800.522965,2026-06-25T12:16:40.523Z,-186.90,-16.59,998.45,-3702.56,13657.70,-15794.01,73627.98,-27343.05,10358.00,2315653671.00,19999.00,19999.00,19999.00,19999.00,19999.00,-0.59,1015.93,173023.00,0.75
1782389800.539429,2026-06-25T12:16:40.539Z,-186.78,-16.59,998.20,-3746.31,13635.83,-15802.76,73627.98,-27343.08,10359.93,2315754137.00,19999.00,19999.00,19999.00,19999.00,19999.00,-0.59,1015.66,173023.00,0.75
1782389800.555883,2026-06-25T12:16:40.555Z,-186.66,-16.59,998.20,-3790.06,13644.58,-15772.14,73627.98,-27343.11,10361.87,2315853874.00,19999.00,19999.00,19999.00,19999.00,19999.00,-0.59,1015.64,173023.00,0.75
1782389800.571141,2026-06-25T12:16:40.571Z,-186.78,-16.59,998.20,-3755.06,13697.08,-15794.01,73627.98,-27343.14,10363.80,2315954206.00,19999.00,19999.00,19999.00,19999.00,19999.00,-0.59,1015.66,173023.00,0.75
1782389801.564674,2026-06-25T12:16:41.564Z,-187.64,-16.59,998.20,-3790.06,13688.33,-15759.01,73627.99,-27343.16,10365.73,2316193421.00,155670.00,19999.00,19999.00,19999.00,19999.00,-0.60,1015.82,173023.00,0.75
1782389801.580983,2026-06-25T12:16:41.581Z,-187.64,-16.59,997.96,-3807.56,13692.70,-15780.89,73627.99,-27343.19,10367.67,2316293144.00,19999.00,19999.00,19999.00,19999.00,19999.00,-0.60,1015.58,172645.00,0.75
1782389801.602758,2026-06-25T12:16:41.602Z,-187.64,-16.71,997.72,-3781.31,13701.45,-15780.89,73627.99,-27343.22,10369.60,2316393664.00,19999.00,19999.00,19999.00,20037.00,19962.00,-0.60,1015.34,172645.00,0.75
1782389801.613681,2026-06-25T12:16:41.613Z,-187.64,-16.84,997.72,-3733.19,13683.95,-15767.76,73627.99,-27343.25,10371.53,2316493681.00,19999.00,19999.00,19999.00,19999.00,19999.00,-0.60,1015.35,172645.00,0.75
1782389801.630318,2026-06-25T12:16:41.630Z,-187.64,-16.84,997.35,-3763.81,13701.45,-15780.89,73628.00,-27343.28,10373.46,2316593620.00,19999.00,19999.00,19999.00,19999.00,19999.00,-0.60,1014.99,172645.00,0.75
1782389801.646827,2026-06-25T12:16:41.646Z,-187.39,-16.71,997.47,-3820.69,13753.95,-15785.26,73628.01,-27343.31,10375.39,2316693643.00,19999.00,19999.00,19999.00,19999.00,19999.00,-0.60,1015.06,172645.00,0.75
1782389801.663243,2026-06-25T12:16:41.663Z,-187.64,-16.84,997.59,-3838.19,13718.95,-15780.89,73628.02,-27343.34,10377.32,2316793669.00,19999.00,19999.00,19999.00,19999.00,19999.00,-0.60,1015.23,172645.00,0.75
1782389801.67967,2026-06-25T12:16:41.679Z,-187.39,-16.71,997.72,-3842.56,13732.08,-15763.39,73628.02,-27343.36,10379.25,2316893781.00,19999.00,19999.00,19999.00,19999.00,19999.00,-0.60,1015.30,172645.00,0.75
1782389801.696149,2026-06-25T12:16:41.696Z,-187.51,-16.59,997.84,-3781.31,13736.45,-15780.89,73628.04,-27343.39,10381.18,2316994018.00,20028.00,19971.00,19999.00,19999.00,19999.00,-0.60,1015.44,172645.00,0.75
1782389801.71231,2026-06-25T12:16:41.712Z,-187.39,-16.71,997.96,-3811.94,13710.20,-15776.51,73628.05,-27343.41,10383.11,2317094339.00,19999.00,19999.00,19999.00,19999.00,19999.00,-0.60,1015.54,172645.00,0.75
1782389802.703615,2026-06-25T12:16:42.703Z,-187.39,-16.96,997.96,-3610.69,13552.70,-15780.89,73628.06,-27343.44,10385.04,2317333431.00,155911.00,19996.00,19999.00,19999.00,19999.00,-0.60,1015.54,172645.00,0.75
1782389802.720459,2026-06-25T12:16:42.720Z,-187.15,-16.84,998.08,-3615.06,13578.95,-15780.89,73628.08,-27343.46,10386.97,2317433521.00,19999.00,19999.00,19999.00,19999.00,19999.00,-0.59,1015.62,174943.00,0.75
1782389802.736937,2026-06-25T12:16:42.737Z,-187.39,-16.84,997.96,-3619.44,13565.83,-15789.64,73628.09,-27343.48,10388.90,2317533310.00,19999.00,19999.00,19999.00,19999.00,19999.00,-0.60,1015.54,174943.00,0.75
1782389802.753361,2026-06-25T12:16:42.753Z,-187.15,-16.96,997.96,-3680.69,13570.20,-15794.01,73628.11,-27343.50,10390.83,2317633796.00,19999.00,19999.00,19999.00,19999.00,19999.00,-0.59,1015.50,174943.00,0.75
1782389802.769782,2026-06-25T12:16:42.769Z,-187.03,-16.84,998.08,-3702.56,13548.33,-15802.76,73628.13,-27343.52,10392.76,2317733565.00,19999.00,19999.00,19999.00,19999.00,19999.00,-0.59,1015.59,174943.00,0.75
1782389802.786475,2026-06-25T12:16:42.786Z,-187.15,-16.84,998.08,-3636.94,13548.33,-15759.01,73628.15,-27343.53,10394.69,2317833574.00,19999.00,19999.00,19999.00,19999.00,19999.00,-0.59,1015.62,174943.00,0.75
1782389802.802703,2026-06-25T12:16:42.802Z,-187.39,-16.59,998.20,-3553.81,13504.58,-15794.01,73628.17,-27343.55,10396.62,2317933908.00,19999.00,19999.00,19999.00,19999.00,19999.00,-0.60,1015.78,174943.00,0.75
1782389802.819156,2026-06-25T12:16:42.819Z,-187.39,-16.59,998.20,-3654.44,13561.45,-15811.51,73628.20,-27343.57,10398.55,2318033911.00,19999.00,19999.00,19999.00,19999.00,19999.00,-0.60,1015.78,174943.00,0.75
1782389802.835713,2026-06-25T12:16:42.835Z,-187.39,-16.59,998.33,-3601.94,13504.58,-15820.26,73628.22,-27343.59,10400.48,2318134290.00,19999.00,19999.00,19999.00,19999.00,20045.00,-0.60,1015.90,174943.00,0.75
1782389802.850966,2026-06-25T12:16:42.851Z,-187.27,-16.59,998.33,-3619.44,13583.33,-15802.76,73628.23,-27343.61,10402.41,2318233966.00,19954.00,19999.00,19999.00,19999.00,19999.00,-0.59,1015.87,174943.00,0.75
1782389803.84425,2026-06-25T12:16:43.844Z,-187.03,-16.35,998.45,-3868.81,13797.70,-15772.14,73628.24,-27343.64,10404.33,2318473440.00,155432.00,19997.00,19999.00,19999.00,19999.00,-0.59,1015.95,174943.00,0.75
1782389803.860704,2026-06-25T12:16:43.860Z,-187.03,-16.35,998.57,-3899.44,13806.45,-15745.89,73628.26,-27343.66,10406.26,2318573173.00,20006.00,19993.00,19999.00,19999.00,19999.00,-0.59,1016.07,178700.00,0.75
1782389803.876917,2026-06-25T12:16:43.877Z,-186.90,-16.35,998.45,-3903.81,13780.20,-15789.64,73628.27,-27343.68,10408.19,2318673502.00,19999.00,19999.00,19999.00,19999.00,19999.00,-0.59,1015.92,178700.00,0.75
1782389803.893817,2026-06-25T12:16:43.894Z,-187.03,-16.23,998.33,-3921.31,13788.95,-15776.51,73628.29,-27343.70,10410.11,2318773604.00,19999.00,19999.00,19999.00,19999.00,19999.00,-0.59,1015.82,178700.00,0.75
1782389803.91025,2026-06-25T12:16:43.910Z,-187.03,-16.10,998.45,-3855.69,13762.70,-15763.39,73628.30,-27343.73,10412.03,2318873560.00,19999.00,19999.00,19999.00,19999.00,19999.00,-0.59,1015.94,178700.00,0.75
1782389803.926197,2026-06-25T12:16:43.926Z,-186.78,-16.35,998.20,-3873.19,13806.45,-15754.64,73628.32,-27343.75,10413.96,2318973572.00,19999.00,19999.00,19999.00,19999.00,19999.00,-0.59,1015.66,178700.00,0.75
1782389803.942743,2026-06-25T12:16:43.942Z,-186.66,-16.47,997.96,-3877.56,13793.33,-15785.26,73628.34,-27343.77,10415.88,2319074051.00,19999.00,19999.00,19999.00,19999.00,19999.00,-0.59,1015.40,178700.00,0.75
1782389803.959198,2026-06-25T12:16:43.959Z,-186.78,-16.71,997.84,-3868.81,13815.20,-15767.76,73628.37,-27343.79,10417.80,2319174099.00,19999.00,19999.00,19999.00,19999.00,19999.00,-0.59,1015.31,178700.00,0.75
1782389803.975739,2026-06-25T12:16:43.975Z,-186.66,-16.47,997.96,-3908.19,13775.83,-15780.89,73628.39,-27343.81,10419.73,2319273956.00,19999.00,19999.00,19999.00,19999.00,19999.00,-0.59,1015.40,178700.00,0.75
1782389803.991051,2026-06-25T12:16:43.991Z,-186.78,-16.59,997.84,-3833.81,13819.58,-15785.26,73628.42,-27343.82,10421.65,2319373977.00,19999.00,20025.00,19973.00,19999.00,19999.00,-0.59,1015.30,178700.00,0.75
1782389804.984204,2026-06-25T12:16:44.984Z,-187.76,-16.84,997.84,-3667.56,13565.83,-15754.64,73628.45,-27343.84,10423.58,2319613328.00,155547.00,19999.00,19999.00,19999.00,19999.00,-0.60,1015.49,178700.00,0.75
1782389805.001238,2026-06-25T12:16:45.001Z,-187.76,-16.84,997.96,-3636.94,13565.83,-15811.51,73628.48,-27343.85,10425.50,2319713176.00,19999.00,19999.00,19999.00,19999.00,19999.00,-0.60,1015.61,173926.00,0.75
1782389805.017199,2026-06-25T12:16:45.017Z,-187.64,-16.84,997.96,-3580.06,13522.08,-15772.14,73628.51,-27343.87,10427.43,2319813268.00,19999.00,19999.00,19999.00,19999.00,19999.00,-0.60,1015.59,173926.00,0.75
1782389805.033437,2026-06-25T12:16:45.033Z,-187.64,-16.96,997.59,-3597.56,13526.45,-15767.76,73628.53,-27343.87,10429.36,2319913363.00,19999.00,19999.00,19999.00,19999.00,20022.00,-0.60,1015.23,173926.00,0.75
1782389805.050146,2026-06-25T12:16:45.050Z,-187.76,-16.96,997.59,-3636.94,13508.95,-15802.76,73628.56,-27343.88,10431.29,2320013557.00,19977.00,19999.00,19999.00,19999.00,19999.00,-0.60,1015.25,173926.00,0.75
1782389805.066822,2026-06-25T12:16:45.066Z,-187.88,-16.71,997.47,-3650.06,13578.95,-15802.76,73628.59,-27343.89,10433.21,2320113921.00,19999.00,19999.00,19999.00,19999.00,19999.00,-0.60,1015.15,173926.00,0.75
1782389805.083292,2026-06-25T12:16:45.083Z,-187.64,-16.84,997.72,-3645.69,13539.58,-15807.14,73628.63,-27343.89,10435.14,2320214082.00,19999.00,19999.00,19999.00,19999.00,19999.00,-0.60,1015.35,173926.00,0.75
1782389805.099473,2026-06-25T12:16:45.099Z,-187.64,-16.71,997.47,-3658.81,13578.95,-15728.39,73628.65,-27343.90,10437.07,2320313954.00,19999.00,19999.00,19999.00,19999.00,19999.00,-0.60,1015.10,173926.00,0.75
1782389805.11595,2026-06-25T12:16:45.116Z,-187.64,-16.71,997.84,-3584.44,13543.95,-15772.14,73628.68,-27343.91,10438.99,2320414111.00,19999.00,19999.00,19999.00,20047.00,19952.00,-0.60,1015.46,173926.00,0.75
1782389805.131125,2026-06-25T12:16:45.131Z,-187.64,-16.84,997.96,-3580.06,13517.70,-15772.14,73628.71,-27343.91,10440.92,2320514206.00,19999.00,19999.00,19999.00,19999.00,19999.00,-0.60,1015.59,173926.00,0.75
1782389806.124134,2026-06-25T12:16:46.124Z,-186.66,-16.47,998.20,-3781.31,13732.08,-15794.01,73628.74,-27343.92,10442.85,2320753469.00,155675.00,19999.00,20000.00,19998.00,19999.00,-0.59,1015.64,173926.00,0.75
1782389806.141167,2026-06-25T12:16:46.141Z,-186.66,-16.47,998.33,-3776.94,13701.45,-15789.64,73628.77,-27343.93,10444.77,2320853413.00,19999.00,19999.00,19999.00,20000.00,19999.00,-0.59,1015.76,175484.00,0.75
1782389806.157365,2026-06-25T12:16:46.157Z,-186.66,-16.35,998.08,-3807.56,13767.08,-15802.76,73628.80,-27343.93,10446.70,2320953603.00,19999.00,19999.00,19999.00,19999.00,19999.00,-0.59,1015.52,175484.00,0.75
1782389806.174051,2026-06-25T12:16:46.174Z,-186.66,-16.47,998.20,-3829.44,13723.33,-15785.26,73628.83,-27343.93,10448.62,2321053371.00,19999.00,19999.00,19999.00,20025.00,19973.00,-0.59,1015.64,175484.00,0.75
1782389806.190224,2026-06-25T12:16:46.190Z,-186.66,-16.84,998.20,-3693.81,13657.70,-15794.01,73628.86,-27343.93,10450.55,2321153793.00,19999.00,19999.00,19999.00,20041.00,19958.00,-0.59,1015.65,175484.00,0.75
1782389806.20691,2026-06-25T12:16:46.207Z,-186.66,-16.84,997.96,-3698.19,13670.83,-15772.14,73628.89,-27343.93,10452.48,2321253807.00,19999.00,19999.00,19999.00,19999.00,19999.00,-0.59,1015.41,175484.00,0.75
1782389806.223163,2026-06-25T12:16:46.223Z,-186.78,-16.71,997.72,-3763.81,13683.95,-15780.89,73628.92,-27343.93,10454.41,2321353777.00,19999.00,19999.00,19999.00,19999.00,19999.00,-0.59,1015.19,175484.00,0.75
1782389806.239641,2026-06-25T12:16:46.239Z,-186.54,-16.59,997.84,-3711.31,13727.70,-15798.39,73628.95,-27343.93,10456.33,2321453912.00,19999.00,19999.00,19999.00,19999.00,20024.00,-0.59,1015.26,175484.00,0.75
1782389806.256213,2026-06-25T12:16:46.256Z,-186.66,-16.84,997.84,-3785.69,13688.33,-15763.39,73628.98,-27343.93,10458.26,2321553944.00,19974.00,19999.00,20118.00,19880.00,19999.00,-0.59,1015.29,175484.00,0.75
1782389806.271472,2026-06-25T12:16:46.271Z,-186.66,-17.08,997.72,-3763.81,13714.58,-15759.01,73629.01,-27343.93,10460.19,2321654358.00,19999.00,19999.00,19999.00,19999.00,20017.00,-0.59,1015.17,175484.00,0.75
1782389807.264616,2026-06-25T12:16:47.264Z,-187.39,-17.08,997.23,-3776.94,13666.45,-15767.76,73629.02,-27343.93,10462.12,2321893321.00,155874.00,19999.00,19999.00,19999.00,19999.00,-0.60,1014.83,175484.00,0.75
1782389807.281347,2026-06-25T12:16:47.281Z,-187.64,-17.08,997.23,-3790.06,13705.83,-15807.14,73629.05,-27343.93,10464.05,2321993171.00,19999.00,19999.00,20005.00,19994.00,19999.00,-0.60,1014.87,173831.00,0.75
1782389807.297281,2026-06-25T12:16:47.297Z,-187.64,-16.96,997.23,-3781.31,13683.95,-15794.01,73629.08,-27343.93,10465.97,2322093377.00,19999.00,20006.00,20004.00,20030.00,19956.00,-0.60,1014.87,173831.00,0.75
1782389807.314911,2026-06-25T12:16:47.315Z,-187.64,-16.96,997.35,-3759.44,13675.20,-15802.76,73629.11,-27343.92,10467.90,2322193738.00,19999.00,19999.00,19999.00,19999.00,19999.00,-0.60,1014.99,173831.00,0.75
1782389807.330172,2026-06-25T12:16:47.330Z,-187.51,-16.84,997.59,-3833.81,13718.95,-15763.39,73629.13,-27343.91,10469.83,2322293468.00,19999.00,19999.00,19999.00,19999.00,19999.00,-0.60,1015.20,173831.00,0.75
1782389807.346921,2026-06-25T12:16:47.347Z,-187.51,-16.84,997.35,-3860.06,13732.08,-15785.26,73629.16,-27343.91,10471.76,2322393730.00,20005.00,19993.00,19999.00,19999.00,20052.00,-0.60,1014.96,173831.00,0.75
1782389807.363301,2026-06-25T12:16:47.363Z,-187.51,-16.96,997.35,-3781.31,13701.45,-15798.39,73629.19,-27343.91,10473.68,2322494132.00,19946.00,19999.00,19999.00,19999.00,19999.00,-0.60,1014.97,173831.00,0.75
1782389807.379708,2026-06-25T12:16:47.379Z,-187.51,-16.96,997.35,-3794.44,13727.70,-15772.14,73629.21,-27343.89,10475.62,2322594178.00,19999.00,19999.00,20012.00,19987.00,19999.00,-0.60,1014.97,173831.00,0.75
1782389807.396126,2026-06-25T12:16:47.396Z,-187.64,-16.84,997.59,-3763.81,13701.45,-15767.76,73629.23,-27343.88,10477.55,2322693919.00,19999.00,19999.00,19999.00,19999.00,19999.00,-0.60,1015.23,173831.00,0.75
1782389807.411455,2026-06-25T12:16:47.411Z,-187.51,-16.84,997.59,-3803.19,13710.20,-15780.89,73629.24,-27343.88,10479.48,2322794178.00,19999.00,19999.00,19999.00,19999.00,19999.00,-0.60,1015.20,173831.00,0.75
1782389808.404484,2026-06-25T12:16:48.404Z,-187.15,-17.20,997.47,-3593.19,13592.08,-15837.76,73629.27,-27343.87,10481.41,2323033351.00,155827.00,19999.00,19999.00,19999.00,19999.00,-0.60,1015.02,173831.00,0.75
1782389808.423102,2026-06-25T12:16:48.423Z,-187.15,-17.08,997.35,-3680.69,13578.95,-15794.01,73629.30,-27343.85,10483.34,2323133403.00,19999.00,19999.00,19999.00,19999.00,19999.00,-0.60,1014.90,172640.00,0.75
1782389808.437478,2026-06-25T12:16:48.437Z,-187.27,-17.32,997.47,-3623.81,13530.83,-15811.51,73629.32,-27343.84,10485.28,2323233267.00,19999.00,19999.00,19999.00,19999.00,19999.00,-0.60,1015.05,172640.00,0.75
1782389808.454206,2026-06-25T12:16:48.454Z,-187.15,-17.57,997.11,-3632.56,13557.08,-15767.76,73629.35,-27343.82,10487.21,2323333367.00,20002.00,19997.00,19999.00,19999.00,19999.00,-0.60,1014.67,172640.00,0.75
1782389808.470474,2026-06-25T12:16:48.470Z,-187.51,-17.93,996.50,-3650.06,13495.83,-15789.64,73629.38,-27343.80,10489.15,2323433710.00,19999.00,19999.00,19999.00,20062.00,19936.00,-0.60,1014.14,172640.00,0.75
1782389808.486604,2026-06-25T12:16:48.486Z,-187.39,-17.93,996.37,-3584.44,13570.20,-15776.51,73629.40,-27343.79,10491.09,2323533722.00,19999.00,19999.00,19999.00,19999.00,19999.00,-0.60,1014.00,172640.00,0.75
1782389808.503101,2026-06-25T12:16:48.503Z,-187.51,-17.69,996.37,-3566.94,13561.45,-15759.01,73629.42,-27343.77,10493.02,2323633679.00,20047.00,19952.00,19999.00,19999.00,19999.00,-0.60,1014.02,172640.00,0.75
1782389808.519404,2026-06-25T12:16:48.519Z,-187.39,-17.57,996.50,-3593.19,13517.70,-15767.76,73629.45,-27343.75,10494.95,2323734011.00,20000.00,19999.00,19999.00,19999.00,19999.00,-0.60,1014.11,172640.00,0.75
1782389808.53588,2026-06-25T12:16:48.535Z,-187.39,-17.32,996.50,-3636.94,13561.45,-15820.26,73629.47,-27343.74,10496.89,2323833956.00,19999.00,19999.00,20050.00,19948.00,19999.00,-0.60,1014.11,172640.00,0.75
1782389808.551185,2026-06-25T12:16:48.551Z,-187.15,-17.08,996.62,-3632.56,13570.20,-15794.01,73629.49,-27343.71,10498.83,2323934079.00,19999.00,19999.00,19999.00,19999.00,19999.00,-0.60,1014.18,172640.00,0.75
1782389809.543781,2026-06-25T12:16:49.543Z,-186.90,-16.84,996.86,-3868.81,13793.33,-15759.01,73629.51,-27343.70,10500.76,2324173330.00,155617.00,19996.00,19999.00,19999.00,19999.00,-0.59,1014.37,172640.00,0.75
1782389809.560304,2026-06-25T12:16:49.560Z,-186.90,-16.84,996.74,-3890.69,13788.95,-15763.39,73629.52,-27343.69,10502.70,2324273218.00,19999.00,19999.00,19999.00,19999.00,20051.00,-0.59,1014.25,174015.00,0.75
1782389809.577093,2026-06-25T12:16:49.577Z,-187.03,-16.84,996.86,-3908.19,13810.83,-15802.76,73629.52,-27343.68,10504.64,2324373238.00,19947.00,19999.00,19999.00,19999.00,19999.00,-0.59,1014.39,174015.00,0.75
1782389809.593425,2026-06-25T12:16:49.593Z,-187.15,-16.84,996.98,-3864.44,13832.70,-15763.39,73629.53,-27343.66,10506.57,2324473609.00,19999.00,19999.00,19999.00,19999.00,19999.00,-0.60,1014.54,174015.00,0.75
1782389809.609825,2026-06-25T12:16:49.609Z,-186.90,-16.59,997.23,-3877.56,13775.83,-15759.01,73629.55,-27343.65,10508.51,2324573475.00,20007.00,19992.00,19999.00,19999.00,19999.00,-0.59,1014.73,174015.00,0.75
1782389809.626771,2026-06-25T12:16:49.626Z,-186.90,-16.59,997.47,-3908.19,13793.33,-15772.14,73629.55,-27343.63,10510.45,2324673678.00,19999.00,19999.00,19999.00,19999.00,19999.00,-0.59,1014.97,174015.00,0.75
1782389809.642825,2026-06-25T12:16:49.642Z,-186.90,-16.71,997.72,-3860.06,13767.08,-15754.64,73629.56,-27343.62,10512.38,2324773645.00,19999.00,19999.00,19999.00,19999.00,19999.00,-0.59,1015.21,174015.00,0.75
1782389809.659706,2026-06-25T12:16:49.659Z,-187.15,-16.71,997.72,-3881.94,13775.83,-15794.01,73629.57,-27343.60,10514.32,2324874008.00,19999.00,19999.00,19999.00,19999.00,19999.00,-0.59,1015.25,174015.00,0.75
1782389809.675873,2026-06-25T12:16:49.675Z,-187.03,-16.84,997.47,-3916.94,13810.83,-15794.01,73629.57,-27343.58,10516.26,2324974017.00,19999.00,19999.00,19999.00,19999.00,20031.00,-0.59,1014.99,174015.00,0.75
1782389809.69123,2026-06-25T12:16:49.691Z,-187.03,-16.96,997.23,-3877.56,13758.33,-15776.51,73629.58,-27343.57,10518.20,2325074177.00,19967.00,19999.00,19999.00,19999.00,19999.00,-0.59,1014.76,174015.00,0.75
1782389810.684048,2026-06-25T12:16:50.684Z,-187.76,-17.20,997.23,-3632.56,13574.58,-15798.39,73629.59,-27343.55,10520.14,2325313426.00,155721.00,19999.00,19999.00,19999.00,19999.00,-0.60,1014.90,174015.00,0.75
1782389810.700745,2026-06-25T12:16:50.700Z,-187.76,-17.08,997.23,-3601.94,13548.33,-15798.39,73629.60,-27343.53,10522.08,2325413521.00,19999.00,19999.00,19999.00,20000.00,19998.00,-0.60,1014.89,171568.00,0.75
1782389810.71735,2026-06-25T12:16:50.717Z,-187.76,-16.96,997.23,-3615.06,13522.08,-15794.01,73629.62,-27343.51,10524.02,2325513383.00,20027.00,19971.00,19999.00,19999.00,19999.00,-0.60,1014.89,171568.00,0.75
1782389810.733899,2026-06-25T12:16:50.734Z,-187.64,-17.08,997.35,-3619.44,13513.33,-15798.39,73629.62,-27343.49,10525.97,2325613341.00,19999.00,19999.00,19999.00,19999.00,19999.00,-0.60,1014.99,171568.00,0.75
1782389810.75011,2026-06-25T12:16:50.750Z,-187.88,-17.08,997.47,-3689.44,13583.33,-15794.01,73629.63,-27343.46,10527.91,2325713465.00,19999.00,19999.00,19999.00,19999.00,19999.00,-0.60,1015.16,171568.00,0.75
1782389810.766897,2026-06-25T12:16:50.766Z,-187.88,-17.08,997.35,-3632.56,13543.95,-15820.26,73629.63,-27343.44,10529.86,2325813954.00,19999.00,19999.00,20035.00,19963.00,19999.00,-0.60,1015.04,171568.00,0.75
1782389810.783017,2026-06-25T12:16:50.783Z,-187.88,-17.08,997.23,-3632.56,13548.33,-15776.51,73629.63,-27343.41,10531.80,2325913667.00,19999.00,19999.00,19999.00,19999.00,19999.00,-0.60,1014.92,171568.00,0.75
1782389810.799754,2026-06-25T12:16:50.799Z,-187.88,-17.20,997.11,-3601.94,13543.95,-15763.39,73629.63,-27343.39,10533.74,2326013947.00,19999.00,19999.00,19999.00,20001.00,19998.00,-0.60,1014.80,171568.00,0.75
1782389810.816013,2026-06-25T12:16:50.816Z,-187.64,-17.20,997.23,-3619.44,13565.83,-15789.64,73629.63,-27343.37,10535.69,2326114019.00,19999.00,19999.00,19999.00,19999.00,19999.00,-0.60,1014.87,171568.00,0.75
1782389810.831408,2026-06-25T12:16:50.831Z,-187.64,-17.08,997.47,-3645.69,13552.70,-15772.14,73629.63,-27343.35,10537.63,2326214207.00,19999.00,19999.00,19999.00,19999.00,19999.00,-0.60,1015.11,171568.00,0.75
1782389811.824738,2026-06-25T12:16:51.824Z,-186.66,-16.59,997.72,-3755.06,13732.08,-15776.51,73629.63,-27343.33,10539.58,2326453418.00,155677.00,19999.00,19999.00,19999.00,19999.00,-0.59,1015.16,171568.00,0.75
1782389811.841251,2026-06-25T12:16:51.841Z,-186.66,-16.84,997.84,-3833.81,13705.83,-15815.89,73629.63,-27343.30,10541.53,2326553279.00,19999.00,19999.00,19999.00,20026.00,19972.00,-0.59,1015.29,173639.00,0.75
1782389811.857728,2026-06-25T12:16:51.857Z,-186.66,-17.08,997.59,-3768.19,13701.45,-15745.89,73629.63,-27343.28,10543.47,2326653270.00,19999.00,19999.00,19999.00,19999.00,19999.00,-0.59,1015.05,173639.00,0.75
1782389811.879234,2026-06-25T12:16:51.879Z,-186.78,-17.08,997.35,-3680.69,13666.45,-15798.39,73629.63,-27343.26,10545.42,2326753349.00,19999.00,19999.00,19999.00,19999.00,19999.00,-0.59,1014.83,173639.00,0.75
1782389811.890615,2026-06-25T12:16:51.890Z,-186.90,-16.96,997.23,-3759.44,13679.58,-15772.14,73629.63,-27343.24,10547.37,2326853712.00,19999.00,20053.00,19945.00,19999.00,19999.00,-0.59,1014.73,173639.00,0.75
1782389811.906804,2026-06-25T12:16:51.906Z,-186.90,-16.96,997.47,-3759.44,13679.58,-15772.14,73629.63,-27343.22,10549.32,2326953574.00,19999.00,19999.00,19999.00,19999.00,19999.00,-0.59,1014.97,173639.00,0.75
1782389811.923126,2026-06-25T12:16:51.923Z,-186.90,-16.96,997.59,-3702.56,13657.70,-15780.89,73629.63,-27343.20,10551.26,2327053672.00,19999.00,19999.00,19999.00,19999.00,19999.00,-0.59,1015.09,173639.00,0.75
1782389811.939769,2026-06-25T12:16:51.939Z,-186.90,-16.84,997.47,-3816.31,13692.70,-15780.89,73629.63,-27343.18,10553.21,2327153949.00,19999.00,19999.00,19999.00,19999.00,19999.00,-0.59,1014.97,173639.00,0.75
1782389811.956155,2026-06-25T12:16:51.956Z,-187.03,-16.71,997.72,-3746.31,13701.45,-15802.76,73629.63,-27343.16,10555.16,2327254284.00,19999.00,19999.00,19999.00,19999.00,19999.00,-0.59,1015.23,173639.00,0.75
1782389811.97167,2026-06-25T12:16:51.971Z,-186.78,-16.84,997.72,-3755.06,13683.95,-15789.64,73629.63,-27343.14,10557.11,2327354209.00,19999.00,19999.00,19999.00,19999.00,19999.00,-0.59,1015.19,173639.00,0.75
1782389812.963825,2026-06-25T12:16:52.963Z,-187.64,-16.84,997.72,-3776.94,13705.83,-15754.64,73629.63,-27343.12,10559.06,2327593317.00,155860.00,20013.00,19985.00,19999.00,19999.00,-0.60,1015.35,173639.00,0.75
1782389812.980404,2026-06-25T12:16:52.980Z,-187.64,-16.84,997.47,-3781.31,13644.58,-15772.14,73629.62,-27343.10,10561.00,2327693401.00,19999.00,19999.00,19999.00,19999.00,19999.00,-0.60,1015.11,172415.00,0.75
1782389812.996903,2026-06-25T12:16:52.996Z,-187.64,-16.84,997.35,-3746.31,13688.33,-15763.39,73629.61,-27343.08,10562.95,2327793267.00,19999.00,19999.00,19999.00,19999.00,19999.00,-0.60,1014.99,172415.00,0.75
1782389813.013912,2026-06-25T12:16:53.014Z,-187.39,-16.84,997.35,-3829.44,13701.45,-15780.89,73629.60,-27343.06,10564.90,2327893496.00,19999.00,19999.00,19999.00,19999.00,19999.00,-0.60,1014.94,172415.00,0.75
1782389813.03049,2026-06-25T12:16:53.030Z,-187.51,-16.71,997.23,-3798.81,13727.70,-15767.76,73629.59,-27343.05,10566.85,2327993653.00,19999.00,19999.00,20067.00,19931.00,19999.00,-0.60,1014.84,172415.00,0.75
1782389813.046794,2026-06-25T12:16:53.046Z,-187.51,-16.84,997.23,-3811.94,13732.08,-15767.76,73629.58,-27343.03,10568.80,2328094005.00,19999.00,19999.00,19999.00,19999.00,19999.00,-0.60,1014.84,172415.00,0.75
1782389813.063079,2026-06-25T12:16:53.063Z,-187.51,-16.84,997.11,-3846.94,13753.95,-15776.51,73629.56,-27343.01,10570.75,2328193670.00,19999.00,19999.00,19999.00,19999.00,19999.00,-0.60,1014.72,172415.00,0.75
1782389813.079492,2026-06-25T12:16:53.079Z,-187.39,-16.59,997.11,-3803.19,13701.45,-15820.26,73629.55,-27342.99,10572.70,2328294136.00,19999.00,19999.00,19999.00,19999.00,19999.00,-0.60,1014.70,172415.00,0.75
1782389813.095882,2026-06-25T12:16:53.095Z,-187.51,-16.47,997.35,-3794.44,13692.70,-15807.14,73629.53,-27342.98,10574.65,2328394263.00,19999.00,19999.00,19999.00,19999.00,20019.00,-0.60,1014.96,172415.00,0.75
1782389813.111239,2026-06-25T12:16:53.111Z,-187.64,-16.35,997.72,-3728.81,13653.33,-15785.26,73629.52,-27342.96,10576.60,2328493973.00,19979.00,19999.00,19999.00,19999.00,19999.00,-0.60,1015.34,172415.00,0.75
1782389814.104247,2026-06-25T12:16:54.104Z,-187.03,-16.71,998.20,-3632.56,13548.33,-15820.26,73629.51,-27342.94,10578.55,2328733457.00,155621.00,19999.00,19999.00,19999.00,19999.00,-0.59,1015.71,172415.00,0.75
1782389814.122157,2026-06-25T12:16:54.122Z,-187.03,-16.84,998.33,-3663.19,13535.20,-15820.26,73629.50,-27342.92,10580.51,2328833138.00,19999.00,19999.00,20000.00,19998.00,19999.00,-0.59,1015.83,173611.00,0.75
1782389814.137176,2026-06-25T12:16:54.137Z,-186.90,-16.84,998.45,-3658.81,13583.33,-15780.89,73629.49,-27342.90,10582.46,2328933637.00,19999.00,19999.00,19999.00,19999.00,19999.00,-0.59,1015.93,173611.00,0.75
1782389814.153716,2026-06-25T12:16:54.153Z,-187.15,-16.84,998.20,-3571.31,13513.33,-15780.89,73629.48,-27342.88,10584.42,2329033472.00,19999.00,19999.00,19999.00,19999.00,19999.00,-0.59,1015.74,173611.00,0.75
1782389814.170203,2026-06-25T12:16:54.170Z,-187.03,-16.84,998.08,-3597.56,13539.58,-15785.26,73629.48,-27342.86,10586.37,2329133829.00,19999.00,19999.00,19999.00,20035.00,19963.00,-0.59,1015.59,173611.00,0.75
1782389814.186424,2026-06-25T12:16:54.186Z,-187.15,-16.71,997.96,-3610.69,13570.20,-15789.64,73629.47,-27342.84,10588.33,2329233579.00,19999.00,19999.00,19999.00,19999.00,20007.00,-0.59,1015.49,173611.00,0.75
1782389814.203236,2026-06-25T12:16:54.203Z,-186.90,-16.71,998.20,-3606.31,13508.95,-15798.39,73629.46,-27342.82,10590.28,2329333729.00,19991.00,19999.00,19999.00,19999.00,19999.00,-0.59,1015.69,173611.00,0.75
1782389814.219309,2026-06-25T12:16:54.219Z,-187.03,-16.84,998.20,-3597.56,13539.58,-15802.76,73629.45,-27342.80,10592.23,2329433904.00,19999.00,19999.00,19999.00,19999.00,19999.00,-0.59,1015.71,173611.00,0.75
1782389814.235644,2026-06-25T12:16:54.235Z,-186.90,-16.71,998.08,-3601.94,13522.08,-15794.01,73629.44,-27342.79,10594.19,2329534503.00,19999.00,19999.00,19999.00,19999.00,19999.00,-0.59,1015.57,173611.00,0.75
1782389814.251015,2026-06-25T12:16:54.251Z,-186.90,-16.71,997.96,-3623.81,13600.83,-15789.64,73629.43,-27342.77,10596.15,2329633964.00,19999.00,20038.00,19961.00,19999.00,19999.00,-0.59,1015.45,173611.00,0.75
1782389815.244758,2026-06-25T12:16:55.244Z,-186.78,-16.35,997.96,-3873.19,13810.83,-15802.76,73629.41,-27342.76,10598.10,2329873404.00,155430.00,20019.00,19979.00,19999.00,19999.00,-0.59,1015.42,173611.00,0.75
1782389815.261386,2026-06-25T12:16:55.261Z,-186.90,-16.35,997.96,-3860.06,13806.45,-15745.89,73629.38,-27342.75,10600.05,2329973174.00,19999.00,20020.00,19979.00,19999.00,19999.00,-0.59,1015.44,178825.00,0.75
1782389815.277673,2026-06-25T12:16:55.277Z,-186.90,-16.35,998.08,-3571.31,13465.20,-15719.64,73629.34,-27342.74,10602.00,2330073586.00,19999.00,19999.00,19999.00,19999.00,19999.00,-0.59,1015.56,178825.00,0.75
1782389815.294482,2026-06-25T12:16:55.294Z,-186.66,-16.35,998.20,-3890.69,13815.20,-15772.14,73629.34,-27342.73,10603.95,2330173483.00,19999.00,19999.00,19999.00,19999.00,19999.00,-0.59,1015.64,178825.00,0.75
1782389815.311133,2026-06-25T12:16:55.311Z,-186.78,-16.35,998.20,-3868.81,13780.20,-15772.14,73629.30,-27342.72,10605.91,2330273925.00,19999.00,19999.00,19999.00,19999.00,19999.00,-0.59,1015.66,178825.00,0.75
1782389815.327042,2026-06-25T12:16:55.327Z,-186.90,-16.47,997.96,-3890.69,13832.70,-15772.14,73629.28,-27342.72,10607.86,2330373660.00,19999.00,19999.00,19999.00,19999.00,19999.00,-0.59,1015.45,178825.00,0.75
1782389815.34367,2026-06-25T12:16:55.343Z,-186.78,-16.35,998.08,-3864.44,13793.33,-15759.01,73629.26,-27342.71,10609.81,2330473862.00,19999.00,19999.00,19999.00,19999.00,19999.00,-0.59,1015.54,178825.00,0.75
1782389815.359887,2026-06-25T12:16:55.359Z,-186.78,-16.35,998.08,-3860.06,13823.95,-15767.76,73629.23,-27342.71,10611.77,2330574270.00,19999.00,19999.00,19999.00,19999.00,19999.00,-0.59,1015.54,178825.00,0.75
1782389815.37639,2026-06-25T12:16:55.376Z,-186.78,-16.35,997.96,-3895.06,13828.33,-15772.14,73629.21,-27342.70,10613.72,2330673983.00,19999.00,19999.00,19999.00,19999.00,19999.00,-0.59,1015.42,178825.00,0.75
1782389815.391493,2026-06-25T12:16:55.391Z,-186.90,-16.47,997.84,-3851.31,13810.83,-15794.01,73629.18,-27342.70,10615.67,2330774454.00,19999.00,19999.00,19999.00,19999.00,19999.00,-0.59,1015.33,178825.00,0.75
1782389816.384313,2026-06-25T12:16:56.384Z,-187.76,-17.20,997.35,-3623.81,13530.83,-15807.14,73629.16,-27342.69,10617.63,2331013314.00,156016.00,19999.00,19999.00,19999.00,19999.00,-0.60,1015.02,178825.00,0.75
1782389816.400966,2026-06-25T12:16:56.401Z,-187.64,-17.20,997.11,-3606.31,13526.45,-15807.14,73629.14,-27342.68,10619.59,2331113580.00,19999.00,19999.00,19999.00,19999.00,19999.00,-0.60,1014.75,173725.00,0.75
1782389816.417516,2026-06-25T12:16:56.417Z,-187.51,-16.96,997.11,-3601.94,13543.95,-15780.89,73629.12,-27342.66,10621.55,2331213358.00,19999.00,19999.00,20038.00,19960.00,19999.00,-0.60,1014.73,173725.00,0.75
1782389816.433812,2026-06-25T12:16:56.433Z,-187.64,-16.96,997.35,-3641.31,13552.70,-15780.89,73629.10,-27342.65,10623.50,2331313370.00,19999.00,19999.00,19999.00,19999.00,19999.00,-0.60,1014.99,173725.00,0.75
1782389816.450241,2026-06-25T12:16:56.450Z,-187.51,-16.84,997.23,-3667.56,13539.58,-15798.39,73629.08,-27342.64,10625.46,2331413821.00,19999.00,19999.00,19999.00,19999.00,19999.00,-0.60,1014.84,173725.00,0.75
1782389816.466911,2026-06-25T12:16:56.466Z,-187.51,-16.84,997.35,-3641.31,13552.70,-15807.14,73629.05,-27342.64,10627.42,2331513915.00,19999.00,19999.00,19999.00,19999.00,19999.00,-0.60,1014.96,173725.00,0.75
1782389816.483133,2026-06-25T12:16:56.483Z,-187.51,-16.84,997.35,-3645.69,13592.08,-15807.14,73629.03,-27342.63,10629.38,2331614064.00,19999.00,19999.00,19999.00,19999.00,19999.00,-0.60,1014.96,173725.00,0.75
1782389816.499647,2026-06-25T12:16:56.499Z,-187.64,-17.08,997.47,-3619.44,13552.70,-15802.76,73629.01,-27342.63,10631.33,2331714268.00,19999.00,19999.00,19999.00,19999.00,19999.00,-0.60,1015.11,173725.00,0.75
1782389816.515926,2026-06-25T12:16:56.516Z,-187.64,-17.08,997.35,-3571.31,13530.83,-15798.39,73628.98,-27342.63,10633.29,2331814164.00,20000.00,19999.00,19999.00,20033.00,19966.00,-0.60,1014.99,173725.00,0.75
1782389816.531193,2026-06-25T12:16:56.531Z,-187.64,-17.20,997.23,-3641.31,13535.20,-15802.76,73628.95,-27342.63,10635.24,2331914134.00,19999.00,19999.00,19999.00,19999.00,19999.00,-0.60,1014.87,173725.00,0.75
1782389817.523803,2026-06-25T12:16:57.523Z,-186.66,-16.59,997.59,-3763.81,13714.58,-15772.14,73628.91,-27342.63,10637.20,2332153436.00,155763.00,19999.00,19999.00,19999.00,19999.00,-0.59,1015.04,173725.00,0.75
1782389817.540741,2026-06-25T12:16:57.540Z,-186.42,-16.47,997.72,-3781.31,13732.08,-15776.51,73628.89,-27342.62,10639.15,2332253279.00,19999.00,19999.00,19999.00,19999.00,19999.00,-0.59,1015.12,172407.00,0.75
1782389817.557204,2026-06-25T12:16:57.557Z,-186.66,-16.35,998.08,-3706.94,13666.45,-15794.01,73628.87,-27342.63,10641.11,2332353528.00,19999.00,19999.00,19999.00,19999.00,19999.00,-0.59,1015.52,172407.00,0.75
1782389817.573738,2026-06-25T12:16:57.573Z,-186.66,-16.23,998.33,-3803.19,13657.70,-15811.51,73628.84,-27342.63,10643.06,2332453780.00,19999.00,19999.00,19999.00,19999.00,19999.00,-0.59,1015.76,172407.00,0.75
1782389817.590221,2026-06-25T12:16:57.590Z,-186.90,-16.10,998.33,-3518.81,13530.83,-15802.76,73628.80,-27342.63,10645.01,2332553470.00,19999.00,19999.00,19999.00,19999.00,19999.00,-0.59,1015.80,172407.00,0.75
1782389817.606729,2026-06-25T12:16:57.606Z,-186.42,-15.98,998.45,-3978.19,13806.45,-15794.01,73628.78,-27342.65,10646.96,2332653571.00,19999.00,19999.00,19999.00,19999.00,19999.00,-0.59,1015.83,172407.00,0.75
1782389817.625816,2026-06-25T12:16:57.625Z,-186.66,-16.23,998.81,-3566.94,13605.20,-15811.51,73628.76,-27342.64,10648.91,2332753911.00,19999.00,19999.00,19999.00,19999.00,19999.00,-0.59,1016.24,172407.00,0.75
1782389817.639278,2026-06-25T12:16:57.639Z,-186.66,-16.23,998.69,-3912.56,13732.08,-15754.64,73628.74,-27342.65,10650.87,2332853917.00,19999.00,19999.00,19999.00,19999.00,19999.00,-0.59,1016.12,172407.00,0.75
1782389817.655808,2026-06-25T12:16:57.655Z,-186.66,-16.47,998.33,-3768.19,13692.70,-15780.89,73628.72,-27342.65,10652.82,2332953929.00,19999.00,19999.00,19999.00,19999.00,19999.00,-0.59,1015.76,172407.00,0.75
1782389817.671246,2026-06-25T12:16:57.671Z,-186.90,-16.71,998.20,-3728.81,13657.70,-15780.89,73628.70,-27342.65,10654.77,2333054069.00,19999.00,19999.00,19999.00,19999.00,19999.00,-0.59,1015.69,172407.00,0.75
1782389818.664545,2026-06-25T12:16:58.664Z,-187.51,-16.84,997.35,-4266.94,13946.45,-15798.39,73628.67,-27342.67,10656.72,2333293457.00,155619.00,19993.00,19999.00,19999.00,19999.00,-0.60,1014.96,172407.00,0.75
1782389818.680995,2026-06-25T12:16:58.681Z,-187.64,-17.32,996.98,-3488.19,13473.95,-15798.39,73628.65,-27342.67,10658.67,2333393170.00,19999.00,19999.00,19999.00,19999.00,19999.00,-0.60,1014.64,173743.00,0.75
1782389818.697439,2026-06-25T12:16:58.697Z,-187.64,-17.32,996.74,-3982.56,13815.20,-15780.89,73628.63,-27342.69,10660.62,2333493384.00,19999.00,19999.00,19999.00,19999.00,19999.00,-0.60,1014.40,173743.00,0.75
1782389818.713695,2026-06-25T12:16:58.713Z,-187.64,-17.08,996.98,-3733.19,13679.58,-15785.26,73628.60,-27342.70,10662.57,2333593855.00,19999.00,19999.00,19999.00,19999.00,19999.00,-0.60,1014.63,173743.00,0.75
1782389818.730251,2026-06-25T12:16:58.730Z,-187.39,-17.08,996.86,-3864.44,13775.83,-15798.39,73628.58,-27342.71,10664.51,2333693845.00,19999.00,20003.00,19995.00,20027.00,19971.00,-0.60,1014.47,173743.00,0.75
1782389818.747011,2026-06-25T12:16:58.747Z,-187.64,-17.32,996.98,-3387.56,13460.83,-15794.01,73628.56,-27342.71,10666.47,2333793578.00,19999.00,19999.00,19999.00,19999.00,19999.00,-0.60,1014.64,173743.00,0.75
1782389818.762888,2026-06-25T12:16:58.762Z,-187.51,-17.08,996.62,-4205.69,13911.45,-15763.39,73628.54,-27342.73,10668.41,2333894073.00,19999.00,19999.00,19999.00,19999.00,19999.00,-0.60,1014.25,173743.00,0.75
1782389818.77941,2026-06-25T12:16:58.779Z,-187.76,-17.20,996.74,-3527.56,13561.45,-15780.89,73628.52,-27342.75,10670.35,2333993892.00,19999.00,19999.00,19999.00,19999.00,19999.00,-0.60,1014.42,173743.00,0.75
1782389818.796005,2026-06-25T12:16:58.796Z,-187.64,-17.32,996.50,-3969.44,13780.20,-15767.76,73628.50,-27342.76,10672.30,2334093874.00,19999.00,19999.00,20000.00,19998.00,19999.00,-0.60,1014.16,173743.00,0.75
1782389818.811202,2026-06-25T12:16:58.811Z,-187.64,-17.57,996.25,-3685.06,13670.83,-15785.26,73628.48,-27342.78,10674.25,2334194206.00,19999.00,19999.00,19999.00,19999.00,19999.00,-0.60,1013.92,173743.00,0.75
1782389819.804601,2026-06-25T12:16:59.804Z,-187.03,-17.93,995.76,-3610.69,13526.45,-15807.14,73628.48,-27342.79,10676.19,2334433460.00,155676.00,19927.00,19999.00,19999.00,19999.00,-0.60,1013.33,173743.00,0.75
1782389819.820847,2026-06-25T12:16:59.820Z,-186.78,-18.06,995.64,-3606.31,13539.58,-15785.26,73628.47,-27342.80,10678.14,2334533595.00,19999.00,19999.00,19999.00,19999.00,19999.00,-0.59,1013.17,172821.00,0.75
1782389819.837581,2026-06-25T12:16:59.837Z,-187.15,-17.93,995.64,-3575.69,13535.20,-15794.01,73628.46,-27342.81,10680.09,2334633685.00,19999.00,19999.00,19999.00,19999.00,19999.00,-0.60,1013.24,172821.00,0.75
1782389819.853853,2026-06-25T12:16:59.854Z,-187.15,-17.57,995.89,-3562.56,13522.08,-15802.76,73628.45,-27342.82,10682.03,2334733456.00,20007.00,19991.00,19999.00,19999.00,19999.00,-0.60,1013.47,172821.00,0.75
1782389819.870436,2026-06-25T12:16:59.870Z,-187.15,-17.32,995.89,-3610.69,13500.20,-15789.64,73628.44,-27342.83,10683.98,2334833580.00,19999.00,19999.00,19999.00,19999.00,19999.00,-0.60,1013.47,172821.00,0.75
1782389819.886824,2026-06-25T12:16:59.886Z,-187.27,-17.20,996.50,-3549.44,13522.08,-15794.01,73628.43,-27342.84,10685.92,2334933952.00,20025.00,19973.00,19999.00,19999.00,19999.00,-0.60,1014.09,172821.00,0.75
1782389819.903103,2026-06-25T12:16:59.903Z,-187.15,-17.32,996.50,-3702.56,13578.95,-15776.51,73628.41,-27342.86,10687.87,2335034131.00,19999.00,20009.00,19990.00,19999.00,20041.00,-0.60,1014.07,172821.00,0.75
1782389819.919572,2026-06-25T12:16:59.919Z,-187.27,-17.81,996.50,-3518.81,13535.20,-15794.01,73628.40,-27342.87,10689.82,2335133917.00,19957.00,19999.00,19999.00,19999.00,19999.00,-0.60,1014.10,172821.00,0.75
1782389819.935925,2026-06-25T12:16:59.936Z,-187.39,-17.69,996.13,-3654.44,13548.33,-15824.64,73628.39,-27342.88,10691.76,2335233845.00,19999.00,19999.00,19999.00,19999.00,19999.00,-0.60,1013.76,172821.00,0.75
1782389819.951422,2026-06-25T12:16:59.951Z,-187.15,-17.57,995.89,-3601.94,13535.20,-15776.51,73628.39,-27342.89,10693.71,2335334303.00,19999.00,19999.00,19999.00,19999.00,19999.00,-0.60,1013.47,172821.00,0.75
1782389820.944811,2026-06-25T12:17:00.944Z,-186.78,-16.71,996.25,-3803.19,13767.08,-15785.26,73628.38,-27342.91,10695.65,2335573461.00,155768.00,19995.00,19999.00,19999.00,19999.00,-0.59,1013.75,172821.00,0.75
1782389820.960419,2026-06-25T12:17:00.960Z,-186.90,-16.84,996.13,-3903.81,13793.33,-15789.64,73628.37,-27342.94,10697.58,2335673411.00,19999.00,19999.00,19999.00,19999.00,19999.00,-0.60,1013.65,174240.00,0.75
1782389820.977386,2026-06-25T12:17:00.977Z,-186.78,-16.71,996.50,-3860.06,13758.33,-15820.26,73628.35,-27342.96,10699.53,2335773269.00,19999.00,19999.00,20039.00,19960.00,19999.00,-0.59,1013.99,174240.00,0.75
1782389820.993598,2026-06-25T12:17:00.993Z,-186.78,-16.59,996.86,-3938.81,13810.83,-15789.64,73628.34,-27342.98,10701.46,2335873372.00,19999.00,19999.00,19999.00,19999.00,19999.00,-0.59,1014.35,174240.00,0.75
1782389821.010204,2026-06-25T12:17:01.010Z,-186.78,-16.84,996.74,-3873.19,13793.33,-15811.51,73628.34,-27343.00,10703.40,2335973494.00,19999.00,19999.00,19999.00,19999.00,19999.00,-0.59,1014.23,174240.00,0.75
1782389821.02674,2026-06-25T12:17:01.026Z,-186.66,-17.20,996.37,-3895.06,13819.58,-15776.51,73628.33,-27343.02,10705.34,2336073955.00,19999.00,19999.00,19999.00,19999.00,19999.00,-0.59,1013.85,174240.00,0.75
1782389821.042931,2026-06-25T12:17:01.043Z,-186.78,-17.08,996.74,-3877.56,13802.08,-15767.76,73628.32,-27343.04,10707.28,2336173818.00,19999.00,19999.00,19999.00,19999.00,19999.00,-0.59,1014.23,174240.00,0.75
1782389821.059523,2026-06-25T12:17:01.059Z,-186.90,-16.84,996.98,-3903.81,13780.20,-15780.89,73628.32,-27343.06,10709.21,2336273772.00,19999.00,19999.00,20019.00,19980.00,19999.00,-0.59,1014.49,174240.00,0.75
1782389821.076175,2026-06-25T12:17:01.076Z,-186.90,-16.59,997.11,-3868.81,13797.70,-15785.26,73628.32,-27343.09,10711.15,2336374065.00,19999.00,19999.00,19999.00,20034.00,19964.00,-0.59,1014.61,174240.00,0.75
1782389821.091537,2026-06-25T12:17:01.091Z,-187.03,-16.59,997.23,-3916.94,13775.83,-15794.01,73628.32,-27343.11,10713.09,2336474193.00,19999.00,19999.00,19999.00,19999.00,19999.00,-0.59,1014.75,174240.00,0.75
1782389822.064398,2026-06-25T12:17:02.064Z,-187.39,-16.71,997.11,-3851.31,13710.20,-15767.76,73628.32,-27343.13,10715.02,2336693331.00,155741.00,849.00,19999.00,19999.00,19999.00,-0.60,1014.70,174240.00,0.75
1782389822.080851,2026-06-25T12:17:02.080Z,-187.51,-17.32,996.98,-3768.19,13732.08,-15776.51,73628.21,-27343.04,10716.49,2336793190.00,19999.00,19999.00,19999.00,19999.00,20013.00,-0.60,1014.61,174240.00,0.75
1782389822.097323,2026-06-25T12:17:02.097Z,-187.64,-17.81,996.50,-3825.06,13727.70,-15789.64,73628.20,-27343.06,10718.43,2336893582.00,19986.00,19999.00,19999.00,19999.00,19999.00,-0.60,1014.16,172984.00,0.75
1782389822.114204,2026-06-25T12:17:02.114Z,-187.76,-17.93,996.13,-3798.81,13710.20,-15767.76,73628.20,-27343.08,10720.37,2336993469.00,19999.00,19999.00,19999.00,19999.00,19999.00,-0.60,1013.83,172984.00,0.75
1782389822.130213,2026-06-25T12:17:02.130Z,-187.76,-17.93,995.76,-3798.81,13697.08,-15794.01,73628.20,-27343.11,10722.30,2337093709.00,19999.00,19999.00,19999.00,19999.00,19999.00,-0.60,1013.47,172984.00,0.75
1782389822.146657,2026-06-25T12:17:02.146Z,-187.64,-17.69,995.52,-3790.06,13692.70,-15759.01,73628.20,-27343.13,10724.24,2337193677.00,19999.00,19999.00,19999.00,19999.00,20006.00,-0.60,1013.20,172984.00,0.75
1782389822.16342,2026-06-25T12:17:02.163Z,-187.64,-17.81,995.28,-3790.06,13666.45,-15794.01,73628.20,-27343.15,10726.17,2337294039.00,19993.00,19999.00,19999.00,19999.00,19999.00,-0.60,1012.97,172984.00,0.75
1782389822.179673,2026-06-25T12:17:02.179Z,-187.76,-17.81,995.15,-3816.31,13666.45,-15789.64,73628.20,-27343.18,10728.11,2337393879.00,19999.00,19999.00,19999.00,19999.00,19999.00,-0.60,1012.87,172984.00,0.75
1782389822.196261,2026-06-25T12:17:02.196Z,-187.51,-17.32,995.28,-3842.56,13753.95,-15811.51,73628.20,-27343.20,10730.04,2337494052.00,19999.00,19999.00,19999.00,19999.00,19999.00,-0.60,1012.93,172984.00,0.75
1782389822.211272,2026-06-25T12:17:02.211Z,-187.51,-17.57,995.52,-3803.19,13688.33,-15772.14,73628.20,-27343.22,10731.98,2337594347.00,19999.00,19999.00,20025.00,19973.00,19999.00,-0.60,1013.18,172984.00,0.75
1782389823.184703,2026-06-25T12:17:03.184Z,-187.76,-17.57,995.64,-3641.31,13565.83,-15829.01,73628.20,-27343.24,10733.91,2337813078.00,155888.00,3071.00,19994.00,19999.00,19999.00,-0.60,1013.34,172984.00,0.75
1782389823.201049,2026-06-25T12:17:03.201Z,-187.88,-17.57,995.64,-3654.44,13539.58,-15767.76,73628.10,-27343.16,10735.44,2337913401.00,19999.00,19999.00,19999.00,19999.00,19999.00,-0.60,1013.37,172984.00,0.75
1782389823.217162,2026-06-25T12:17:03.217Z,-187.76,-17.69,995.76,-3601.94,13530.83,-15798.39,73628.10,-27343.18,10737.38,2338013270.00,19999.00,19999.00,19999.00,20052.00,19946.00,-0.60,1013.47,174441.00,0.75
1782389823.233688,2026-06-25T12:17:03.233Z,-187.76,-17.57,995.28,-3593.19,13578.95,-15785.26,73628.11,-27343.21,10739.31,2338113513.00,19999.00,20000.00,19999.00,19999.00,19999.00,-0.60,1012.98,174441.00,0.75
1782389823.250636,2026-06-25T12:17:03.250Z,-187.76,-17.57,995.15,-3636.94,13535.20,-15798.39,73628.11,-27343.23,10741.25,2338213531.00,19999.00,19999.00,19999.00,19999.00,19999.00,-0.60,1012.86,174441.00,0.75
1782389823.266585,2026-06-25T12:17:03.266Z,-187.88,-17.81,995.15,-3615.06,13539.58,-15815.89,73628.11,-27343.25,10743.19,2338313807.00,19999.00,19999.00,19999.00,19999.00,19999.00,-0.60,1012.89,174441.00,0.75
1782389823.282971,2026-06-25T12:17:03.283Z,-187.64,-17.57,995.64,-3610.69,13478.33,-15794.01,73628.12,-27343.27,10745.12,2338413907.00,19999.00,19999.00,19999.00,19999.00,19999.00,-0.60,1013.32,174441.00,0.75
1782389823.299602,2026-06-25T12:17:03.299Z,-187.76,-17.32,995.89,-3650.06,13622.70,-15785.26,73628.13,-27343.29,10747.06,2338514010.00,19999.00,19999.00,19999.00,19999.00,19999.00,-0.60,1013.58,174441.00,0.75
1782389823.316009,2026-06-25T12:17:03.316Z,-187.76,-17.08,996.25,-3650.06,13543.95,-15772.14,73628.13,-27343.30,10748.99,2338614316.00,19999.00,19999.00,19999.00,19999.00,19999.00,-0.60,1013.93,174441.00,0.75
1782389823.331388,2026-06-25T12:17:03.331Z,-187.76,-17.32,996.25,-3663.19,13543.95,-15780.89,73628.13,-27343.32,10750.92,2338714287.00,19999.00,19999.00,19999.00,19999.00,19999.00,-0.60,1013.94,174441.00,0.75
